Account_ID,Degree,Out_Degree,Incoming_Tx,Outgoing_Tx,Fraud_Risk_Score,Risk_Rank
A00912,14,11,3.0,11.0,0.9629893925055868,1
A00218,8,6,2.0,6.0,0.9566051213943255,2
A00117,12,9,3.0,9.0,0.9548001388950854,3
A01055,21,11,10.0,11.0,0.9538860719270775,4
A00330,12,8,4.0,8.0,0.9425286051207568,5
A00373,8,6,2.0,6.0,0.9313071444019786,6
A00987,10,7,3.0,7.0,0.9281260457885484,7
A00809,8,6,2.0,6.0,0.9108298378921824,8
A00425,3,2,1.0,2.0,0.9069969336530971,9
A00660,10,3,7.0,3.0,0.9036875054189951,10
A01161,14,6,8.0,6.0,0.8949914800410949,11
A00412,14,7,7.0,7.0,0.882414158509562,12
A00284,12,7,5.0,7.0,0.8822081013162212,13
A00017,10,4,6.0,4.0,0.8733033436950107,14
A00642,13,6,7.0,6.0,0.8666970380354952,15
A00980,16,10,7.0,11.0,0.8576300245274867,16
A01182,17,11,6.0,11.0,0.8562048642442547,17
A00513,6,2,4.0,2.0,0.8446484507736812,18
A01041,10,9,1.0,10.0,0.8412927185744009,19
A00114,9,5,4.0,5.0,0.838841547232039,20
A00985,6,3,3.0,3.0,0.8294470010914828,21
A00713,16,7,9.0,7.0,0.8275065839669028,22
A00885,6,4,2.0,4.0,0.826511965406132,23
A00239,15,6,10.0,6.0,0.8263087958397527,24
A00682,16,8,8.0,8.0,0.8231124452035291,25
A00228,14,7,7.0,8.0,0.819414309988272,26
A00259,13,9,4.0,9.0,0.8186602101739251,27
A00383,10,5,5.0,5.0,0.7990504602935737,28
A00256,8,4,4.0,4.0,0.7979472140926986,29
A00371,10,5,5.0,5.0,0.7965399127138231,30
A01024,7,2,5.0,2.0,0.7892227275360578,31
A00376,9,6,3.0,6.0,0.7857205169997505,32
A00882,11,8,3.0,8.0,0.7775364505187681,33
A00019,14,6,8.0,6.0,0.7758510489306242,34
A00154,16,9,7.0,9.0,0.7718086257910174,35
A00381,14,6,8.0,6.0,0.7656451365320415,36
A00448,9,7,2.0,7.0,0.7614496069334534,37
A01022,15,8,7.0,8.0,0.7548671164180859,38
A00291,11,7,4.0,7.0,0.7511461691452332,39
A00719,9,4,5.0,4.0,0.7500047405338313,40
A00057,12,8,4.0,8.0,0.7496666618288167,41
A01186,9,6,3.0,7.0,0.7455114585865905,42
A00423,11,7,4.0,7.0,0.7298859660452686,43
A00655,13,7,6.0,7.0,0.7283457069655993,44
A00082,13,6,7.0,6.0,0.7186812187900657,45
A00040,12,6,6.0,6.0,0.706970086883977,46
A00827,10,6,4.0,6.0,0.6940052030616645,47
A00165,11,6,5.0,6.0,0.6718350114507329,48
A00240,13,8,5.0,8.0,0.6276380047216744,49
A01065,10,6,4.0,6.0,0.6054428441919311,50
A01152,16,9,7.0,9.0,0.6036651530416101,51
A00235,10,6,4.0,7.0,0.6002176189415984,52
A00914,9,6,3.0,7.0,0.5981422845957683,53
A00959,12,9,3.0,9.0,0.5866790157782225,54
A00999,13,6,7.0,6.0,0.584090249531432,55
A00768,14,6,8.0,6.0,0.5635388010309962,56
A00118,11,8,3.0,9.0,0.554520505540742,57
A00120,9,6,3.0,6.0,0.5521283032438018,58
A00649,12,9,3.0,9.0,0.5474057399854669,59
A00976,10,7,3.0,7.0,0.5459907987528294,60
A00511,15,7,8.0,7.0,0.5453478947835524,61
A01200,14,6,8.0,6.0,0.5447450284402673,62
A00798,10,5,5.0,5.0,0.5413869028286339,63
A01135,10,6,4.0,6.0,0.5323005010604407,64
A00443,11,6,5.0,6.0,0.5311886125848192,65
A00232,9,7,2.0,7.0,0.5300121800099662,66
A00948,6,4,2.0,4.0,0.5291881298159796,67
A00080,11,7,4.0,7.0,0.5283759896032819,68
A00847,13,7,6.0,7.0,0.5265265319080876,69
A00780,9,7,2.0,7.0,0.5233962746493606,70
A00628,8,7,1.0,7.0,0.5223224651045271,71
A00944,10,5,5.0,5.0,0.5190997879344225,72
A00590,16,9,8.0,9.0,0.5143762449454918,73
A00158,12,8,4.0,8.0,0.5141259780932605,74
A00526,14,6,8.0,6.0,0.5120404100422935,75
A01010,9,6,3.0,6.0,0.5095429952146389,76
A00960,15,8,7.0,8.0,0.5088698487886897,77
A01096,10,7,3.0,7.0,0.5073657974950213,78
A00772,14,7,7.0,7.0,0.5063154187110854,79
A00186,16,7,9.0,7.0,0.5055661374117538,80
A00689,11,6,5.0,6.0,0.5037543103440049,81
A00352,15,7,8.0,7.0,0.5014500980229538,82
A01151,12,7,5.0,8.0,0.4988686431860699,83
A00956,13,6,7.0,6.0,0.49775918967889365,84
A00052,12,6,6.0,6.0,0.49629106622433106,85
A00100,9,6,3.0,6.0,0.4962514350872455,86
A00163,10,8,2.0,9.0,0.4961156960455957,87
A00112,13,7,6.0,7.0,0.4942250304869445,88
A00810,16,9,7.0,9.0,0.49406449933206725,89
A00313,14,6,8.0,6.0,0.49383772745314825,90
A00853,15,8,7.0,8.0,0.4936000864538431,91
A00886,11,7,4.0,7.0,0.4921659696240823,92
A00505,15,7,8.0,7.0,0.4903635598124504,93
A00961,16,7,9.0,7.0,0.48965670896022867,94
A00597,10,8,2.0,8.0,0.4863461969046592,95
A00759,14,7,7.0,7.0,0.48349127605849673,96
A00561,12,7,5.0,7.0,0.48197730277033574,97
A00329,14,8,6.0,8.0,0.4803338388501002,98
A01191,16,8,8.0,8.0,0.47912284252253007,99
A00982,12,8,4.0,8.0,0.4788145373745407,100
A00648,11,9,2.0,10.0,0.47775421454492045,101
A00508,14,8,7.0,8.0,0.4771223683142813,102
A01116,17,11,6.0,11.0,0.4763913486097283,103
A00137,10,9,1.0,9.0,0.47195843881074806,104
A00325,15,8,7.0,8.0,0.4705794387305092,105
A00604,12,8,4.0,8.0,0.47039723048537163,106
A00493,11,6,5.0,6.0,0.4702296271055611,107
A00012,9,4,5.0,4.0,0.4690696782221902,108
A00190,12,6,6.0,6.0,0.46885594599472125,109
A00416,13,8,5.0,8.0,0.4685176097425588,110
A00905,10,7,3.0,7.0,0.4671479522706063,111
A00105,13,8,5.0,8.0,0.4663133629054289,112
A00446,13,6,7.0,6.0,0.46569954485798387,113
A00806,10,6,4.0,6.0,0.46374340275378245,114
A00657,11,6,5.0,6.0,0.46300509391037414,115
A00129,14,8,6.0,8.0,0.46243685910413035,116
A00856,12,7,5.0,7.0,0.46100853492631977,117
A00673,12,7,5.0,7.0,0.4583202541849706,118
A01134,13,6,7.0,6.0,0.4572796442047874,119
A00298,12,6,7.0,6.0,0.45628867399848816,120
A00718,15,8,7.0,8.0,0.45592095347457634,121
A00619,11,6,5.0,6.0,0.45452375525814376,122
A00970,11,6,5.0,6.0,0.45380454310081814,123
A00854,13,6,7.0,7.0,0.4534495066106326,124
A00020,13,8,5.0,8.0,0.4529908489127846,125
A00925,15,8,7.0,8.0,0.4526430168460154,126
A00196,12,7,5.0,7.0,0.45175508352482924,127
A00792,10,6,4.0,6.0,0.45124540768987986,128
A00126,10,9,1.0,9.0,0.4509212054309965,129
A00901,10,6,4.0,6.0,0.44873775902657714,130
A00156,14,6,8.0,6.0,0.44813793576869443,131
A00532,10,6,4.0,6.0,0.44717098110292464,132
A01035,10,5,5.0,5.0,0.44709050549634344,133
A01097,11,7,4.0,7.0,0.4464073589853514,134
A00289,12,9,3.0,9.0,0.44578230942151315,135
A00392,13,6,7.0,6.0,0.4454023294407258,136
A00097,16,8,8.0,8.0,0.44483866867590016,137
A00869,14,6,8.0,6.0,0.44468526043497625,138
A01140,14,7,7.0,7.0,0.44199748702401215,139
A00838,12,6,7.0,6.0,0.44062535197294506,140
A01025,12,6,6.0,6.0,0.4404405375820094,141
A00331,16,7,9.0,7.0,0.439055295581836,142
A01154,13,7,6.0,7.0,0.4390260759918318,143
A00543,11,7,4.0,7.0,0.4389499015445303,144
A00936,10,6,4.0,6.0,0.4369777362873229,145
A00485,8,6,2.0,6.0,0.4350716691706768,146
A00389,11,7,4.0,8.0,0.4322068972682128,147
A00422,13,8,5.0,9.0,0.4317120320022398,148
A00343,10,7,3.0,7.0,0.4312530823082643,149
A00059,11,7,5.0,7.0,0.4310415437737324,150
A00632,12,6,6.0,7.0,0.42962799479991143,151
A00449,13,6,7.0,6.0,0.4290396560499706,152
A00472,13,10,3.0,10.0,0.4287192466439847,153
A00027,10,7,3.0,7.0,0.4271765039424464,154
A00789,11,7,4.0,7.0,0.42502684699311466,155
A00555,10,6,4.0,6.0,0.4242753653895454,156
A00908,16,9,7.0,9.0,0.424267400767448,157
A00832,14,6,8.0,6.0,0.42241430242199146,158
A00418,16,8,8.0,8.0,0.42073341768943545,159
A00107,11,9,2.0,9.0,0.4206352083981196,160
A00234,11,7,4.0,7.0,0.4200529485572871,161
A00248,12,6,6.0,6.0,0.4181849613036537,162
A00346,10,6,4.0,6.0,0.41801315460550786,163
A00645,15,6,9.0,6.0,0.41756481002199886,164
A01006,13,7,6.0,7.0,0.4175008267126457,165
A00802,11,6,6.0,6.0,0.4170636128569854,166
A00270,11,8,3.0,8.0,0.41639195419539365,167
A00503,13,6,7.0,6.0,0.4160684373600806,168
A00274,14,6,8.0,6.0,0.4160668116475752,169
A00776,14,6,8.0,6.0,0.4155293776947705,170
A00074,11,7,4.0,7.0,0.4149187260592718,171
A00758,10,6,4.0,6.0,0.4149170691122116,172
A00015,10,8,2.0,8.0,0.41470434943912726,173
A01108,13,9,4.0,9.0,0.4139594048627977,174
A00573,13,7,6.0,7.0,0.41318854502920016,175
A01153,14,7,7.0,7.0,0.4126169736678189,176
A00621,13,6,7.0,6.0,0.41126912135227717,177
A00637,12,6,6.0,6.0,0.4108828523291555,178
A00541,8,6,2.0,6.0,0.4096918558123586,179
A00071,12,7,5.0,7.0,0.4094347502853542,180
A00731,14,6,9.0,6.0,0.40891901900781563,181
A00750,10,5,5.0,5.0,0.4085962400311562,182
A00396,11,7,4.0,7.0,0.4075469017429229,183
A00184,12,7,5.0,7.0,0.406292444174326,184
A00189,8,4,4.0,4.0,0.406207711267242,185
A00286,15,8,7.0,8.0,0.40609354320031726,186
A00075,13,7,7.0,7.0,0.40545581152547006,187
A00168,10,6,4.0,6.0,0.40539229281851974,188
A00367,9,6,3.0,6.0,0.40532792748579827,189
A00707,13,8,5.0,8.0,0.4052199022520334,190
A01038,9,5,4.0,5.0,0.404696889779093,191
A00669,12,6,6.0,6.0,0.4037883446578086,192
A00782,15,6,10.0,6.0,0.4035871144534127,193
A00644,15,7,8.0,7.0,0.4035528759966097,194
A00617,10,4,6.0,4.0,0.4035039082740017,195
A00715,10,6,4.0,7.0,0.4031232793229783,196
A00518,12,8,4.0,8.0,0.40309564888951716,197
A00633,15,6,9.0,6.0,0.4027778359295063,198
A00927,8,6,2.0,6.0,0.40128644870183017,199
A00706,11,8,3.0,8.0,0.4009584150093088,200
A00122,14,6,8.0,7.0,0.4005192308959729,201
A00594,14,7,8.0,7.0,0.4003057792449061,202
A01058,13,8,5.0,8.0,0.399830673014398,203
A00296,8,6,2.0,6.0,0.39949230378799244,204
A00694,9,4,5.0,4.0,0.3991703016200161,205
A00067,8,6,2.0,6.0,0.3991179664322628,206
A00783,12,6,6.0,6.0,0.3989380802080701,207
A00337,11,7,4.0,7.0,0.398929532998785,208
A00738,11,7,4.0,7.0,0.398764098927068,209
A00155,14,8,6.0,8.0,0.3982169355237975,210
A00880,11,7,4.0,7.0,0.3981613583126315,211
A01066,12,7,5.0,7.0,0.3973449826294637,212
A00498,11,10,1.0,10.0,0.39714214309078877,213
A00796,10,6,4.0,6.0,0.3971238888747667,214
A01017,16,8,8.0,8.0,0.3962048469633369,215
A00756,6,2,4.0,2.0,0.39616951316542665,216
A00391,10,7,3.0,7.0,0.39470724516471944,217
A00482,12,6,6.0,6.0,0.394539882975513,218
A00444,12,8,4.0,9.0,0.3945189858189829,219
A00037,13,8,5.0,8.0,0.3943831783134301,220
A00004,10,6,4.0,6.0,0.39421743975199325,221
A00636,12,6,6.0,6.0,0.39408971930173187,222
A00946,14,7,7.0,7.0,0.39362641221554306,223
A00898,11,7,4.0,7.0,0.3935568076093705,224
A00963,15,9,6.0,9.0,0.39346325367817364,225
A00852,8,6,2.0,6.0,0.3917838007523745,226
A00702,11,6,5.0,6.0,0.3916202793701921,227
A01026,12,6,6.0,6.0,0.3910964935421299,228
A00194,10,6,4.0,6.0,0.3908712247248631,229
A00461,11,6,5.0,6.0,0.3900508853302913,230
A00208,13,6,7.0,6.0,0.3899478698090388,231
A00823,12,8,4.0,8.0,0.38892881432046034,232
A01020,12,8,4.0,8.0,0.38785421592804287,233
A00119,14,7,7.0,7.0,0.3876781294032618,234
A00010,9,6,3.0,6.0,0.3872687389067557,235
A00995,14,7,7.0,7.0,0.3871623915040054,236
A00355,13,7,6.0,7.0,0.38693955297048904,237
A00479,11,6,5.0,6.0,0.3868968585160798,238
A01126,11,8,3.0,8.0,0.3853566504313246,239
A00492,13,7,6.0,7.0,0.3853428301505362,240
A01068,12,6,6.0,6.0,0.38483159249558296,241
A00953,11,7,4.0,7.0,0.38458190708626466,242
A01016,12,6,6.0,6.0,0.3841325267120254,243
A00135,12,9,3.0,9.0,0.3841027394285731,244
A00345,10,7,3.0,7.0,0.3838832265546526,245
A00305,12,6,6.0,6.0,0.3836978137169239,246
A00626,14,7,7.0,7.0,0.3834586314660526,247
A00928,12,8,4.0,8.0,0.38254530900495903,248
A00310,10,6,4.0,6.0,0.3825068830726717,249
A00968,9,6,3.0,6.0,0.38214626354064457,250
A00445,14,7,7.0,7.0,0.38204713898086906,251
A00565,5,4,1.0,4.0,0.38123906616561903,252
A00166,12,8,4.0,8.0,0.3810921978686534,253
A00290,16,10,8.0,10.0,0.3805206564833548,254
A00608,14,9,5.0,9.0,0.37942350374711675,255
A00394,16,8,8.0,8.0,0.3790138805559799,256
A00964,10,6,4.0,6.0,0.3782305180510451,257
A01137,9,6,3.0,7.0,0.37822465146069834,258
A00606,15,7,8.0,7.0,0.37717732739914905,259
A00451,6,4,2.0,4.0,0.37578154133952957,260
A00651,12,6,6.0,6.0,0.3757356206667819,261
A01172,14,6,8.0,6.0,0.3756408637672064,262
A00919,12,6,6.0,6.0,0.3748702891952209,263
A00102,9,6,3.0,6.0,0.3741529420994282,264
A00578,10,6,4.0,6.0,0.37342970345605403,265
A00104,12,7,5.0,7.0,0.37341305300297634,266
A00316,15,8,7.0,8.0,0.3726956783525418,267
A00226,16,10,6.0,10.0,0.37206194449251123,268
A00658,12,7,5.0,7.0,0.37163891783425046,269
A00398,13,6,7.0,6.0,0.3698777701117138,270
A00896,10,7,3.0,7.0,0.3695093316830501,271
A00895,11,9,2.0,9.0,0.3678913449220895,272
A01027,11,7,4.0,7.0,0.36743427513265065,273
A00146,5,2,3.0,2.0,0.36740778729591506,274
A01120,11,7,4.0,7.0,0.3669483050633048,275
A00786,10,5,5.0,5.0,0.366480976413933,276
A00283,10,7,3.0,7.0,0.3662260717579317,277
A00457,12,7,5.0,7.0,0.36591640018198723,278
A00480,9,4,5.0,4.0,0.36466474184554504,279
A00115,9,7,2.0,7.0,0.36462721439379736,280
A00477,10,4,6.0,4.0,0.36353921523764493,281
A00509,12,6,6.0,7.0,0.3631771619929279,282
A00304,13,7,6.0,7.0,0.36050037400009655,283
A00577,10,6,4.0,6.0,0.3600807325319194,284
A01142,6,2,4.0,2.0,0.3592211923289609,285
A00311,13,6,7.0,6.0,0.3590698955422125,286
A01059,11,8,3.0,8.0,0.35901063005369543,287
A00350,13,6,7.0,7.0,0.3586867645556166,288
A00403,11,7,4.0,7.0,0.35867417111978395,289
A01028,15,6,9.0,6.0,0.35774174877369175,290
A00056,14,7,7.0,7.0,0.3565273972700887,291
A00054,10,6,4.0,6.0,0.3560770084764439,292
A00434,9,5,4.0,5.0,0.3555628865831929,293
A01077,11,6,5.0,6.0,0.35547388180918926,294
A00191,16,7,9.0,7.0,0.3554501754504527,295
A00410,11,7,4.0,7.0,0.3548338052745103,296
A00161,12,7,5.0,7.0,0.354621260353633,297
A00867,13,7,6.0,7.0,0.3546163253778094,298
A00341,16,7,9.0,7.0,0.35399284485951127,299
A00265,12,8,4.0,8.0,0.353908504618687,300
A00147,9,6,3.0,6.0,0.35348563758811097,301
A00319,15,7,8.0,7.0,0.35346144098557214,302
A00475,14,6,8.0,6.0,0.3518233743081076,303
A01170,14,6,8.0,6.0,0.3517124088468521,304
A00198,12,6,6.0,6.0,0.35118276707187607,305
A00820,11,7,4.0,7.0,0.35113018307212995,306
A00812,11,6,5.0,6.0,0.3508933541717145,307
A00979,15,7,8.0,7.0,0.35087215420656154,308
A00243,13,8,5.0,8.0,0.35077756698067253,309
A00501,10,6,4.0,6.0,0.3506462823604538,310
A00858,11,6,6.0,7.0,0.35056566003401896,311
A01175,10,6,4.0,6.0,0.34638698885951225,312
A00133,15,6,9.0,6.0,0.34598330498722357,313
A00317,9,6,3.0,6.0,0.345835552654115,314
A00258,7,6,1.0,6.0,0.34543756061893216,315
A00868,6,4,2.0,4.0,0.3453789550571984,316
A00679,13,8,5.0,8.0,0.34536130634511264,317
A00025,12,6,6.0,6.0,0.3452983902505589,318
A00558,13,6,7.0,6.0,0.3451016084910036,319
A01199,10,7,3.0,7.0,0.34448190089725667,320
A00834,10,4,6.0,4.0,0.3440725479032157,321
A00145,10,6,4.0,6.0,0.34388777932937875,322
A00359,8,3,5.0,3.0,0.343671114503881,323
A00828,8,4,4.0,4.0,0.3428459444433054,324
A00111,9,6,3.0,6.0,0.3426294418772653,325
A00746,11,6,5.0,6.0,0.34246551556872634,326
A00424,13,8,5.0,8.0,0.3418052097052784,327
A00691,13,7,6.0,7.0,0.3409949235551574,328
A00778,10,6,4.0,6.0,0.3409185484033045,329
A00254,12,6,6.0,6.0,0.3393409742372819,330
A00363,13,7,6.0,8.0,0.33911321936153865,331
A01113,14,7,8.0,7.0,0.33821776216486743,332
A00087,14,9,5.0,9.0,0.3376662348657478,333
A00084,13,7,6.0,7.0,0.33729724336927414,334
A01095,13,6,7.0,6.0,0.33600688040581506,335
A00932,8,3,5.0,3.0,0.33588944154719075,336
A00730,13,8,5.0,8.0,0.3350498020193693,337
A01033,16,11,5.0,11.0,0.334906650094075,338
A00491,11,6,6.0,6.0,0.33399044166243963,339
A00200,9,6,3.0,6.0,0.33348912905679157,340
A00690,16,8,8.0,8.0,0.3334801987027392,341
A00510,11,7,4.0,7.0,0.3332619325168537,342
A00353,15,6,9.0,6.0,0.33181953194953456,343
A00864,12,7,5.0,8.0,0.33016240284744713,344
A00153,15,7,8.0,7.0,0.329997696806689,345
A00641,12,9,3.0,9.0,0.32979215830191017,346
A00076,9,4,5.0,4.0,0.32934669613422346,347
A00195,12,9,3.0,9.0,0.3287216668292787,348
A00656,8,4,4.0,4.0,0.3284592611444482,349
A01060,12,7,6.0,7.0,0.32828937289296733,350
A01112,10,5,5.0,5.0,0.32822911707562924,351
A00566,12,7,5.0,7.0,0.3281840374824254,352
A00967,8,5,3.0,5.0,0.32813749803039755,353
A00833,7,5,2.0,5.0,0.32786661030665887,354
A00008,7,4,3.0,4.0,0.3270571318522458,355
A00570,14,7,7.0,7.0,0.32609554478295794,356
A00801,11,6,5.0,6.0,0.32502976080249263,357
A00390,13,6,7.0,7.0,0.32496002519655587,358
A01057,13,6,7.0,6.0,0.3242580875417337,359
A00529,10,6,4.0,6.0,0.3242520842409743,360
A01098,9,7,2.0,7.0,0.32411975389305775,361
A00763,9,5,4.0,6.0,0.32344130074903,362
A00420,9,4,5.0,4.0,0.32341771467819724,363
A00990,10,5,5.0,5.0,0.3232120624275529,364
A00043,11,6,6.0,7.0,0.3222672050783902,365
A00481,8,6,2.0,6.0,0.3206950377751193,366
A00950,13,7,6.0,7.0,0.32049557905092496,367
A00814,13,8,5.0,9.0,0.31955363867436554,368
A00221,12,7,5.0,7.0,0.3195116678378783,369
A01049,4,2,2.0,2.0,0.31879303024982736,370
A00473,14,8,6.0,8.0,0.3186307786010503,371
A01064,13,7,6.0,7.0,0.3185603971650089,372
A00585,8,3,5.0,3.0,0.31812131703723595,373
A00344,14,6,8.0,6.0,0.31805739757491575,374
A00665,7,5,2.0,5.0,0.3168530996290542,375
A00271,14,6,8.0,6.0,0.3165579800390912,376
A00972,9,5,4.0,5.0,0.3158152364755271,377
A00992,13,8,5.0,8.0,0.31536602014219134,378
A00297,16,8,9.0,9.0,0.31429897237130466,379
A00031,16,7,9.0,7.0,0.31419978427970446,380
A00906,11,6,5.0,6.0,0.31397692258892956,381
A01115,13,6,7.0,6.0,0.3137752068966957,382
A00178,10,6,4.0,6.0,0.3126911861894214,383
A00086,13,7,6.0,7.0,0.3117035611795433,384
A00537,14,8,6.0,8.0,0.3107436846038307,385
A00085,14,7,7.0,7.0,0.3106720681663579,386
A00266,12,6,6.0,6.0,0.31061800641101694,387
A01063,8,3,5.0,3.0,0.31055010545548684,388
A00725,11,8,3.0,8.0,0.3104521918735924,389
A00893,11,6,5.0,6.0,0.3102562534178166,390
A00699,13,6,7.0,6.0,0.3100953633484322,391
A00765,6,5,1.0,5.0,0.30858247312670634,392
A00787,10,4,6.0,4.0,0.3084218688838009,393
A01047,11,6,6.0,6.0,0.3075358546263669,394
A00272,11,6,5.0,7.0,0.30744853676447403,395
A00897,13,9,4.0,9.0,0.30734398747553615,396
A00229,16,7,9.0,7.0,0.30725899997006967,397
A00500,10,7,3.0,8.0,0.30683391698735557,398
A00548,11,6,5.0,6.0,0.3067854475210014,399
A00734,14,6,8.0,6.0,0.30669362017872775,400
A00280,12,7,5.0,7.0,0.3051386734601211,401
A00047,14,8,6.0,8.0,0.3050126312785238,402
A00179,10,6,4.0,7.0,0.30442763097360287,403
A00742,11,6,5.0,6.0,0.3042139087055655,404
A00142,10,4,6.0,4.0,0.30411708769753926,405
A00640,16,7,9.0,7.0,0.30395574339954085,406
A00539,14,9,5.0,9.0,0.3036549490523517,407
A00093,7,3,4.0,4.0,0.3032572539998666,408
A00264,12,7,5.0,7.0,0.30201978854150335,409
A00167,14,6,9.0,6.0,0.3020096011758331,410
A00688,5,2,4.0,2.0,0.3013395725330391,411
A00223,12,8,4.0,9.0,0.3006914951365128,412
A00244,12,6,6.0,6.0,0.3004264654055026,413
A00807,19,11,8.0,11.0,0.29998895882797216,414
A00362,12,8,4.0,9.0,0.2994504833318453,415
A01122,9,7,2.0,7.0,0.2990649709635861,416
A00335,6,2,4.0,2.0,0.2986954145142449,417
A01004,15,10,6.0,10.0,0.2982532230351336,418
A00241,12,7,5.0,7.0,0.29692541095022923,419
A00728,12,10,2.0,10.0,0.2956150148443925,420
A00535,10,9,1.0,9.0,0.2950659466247356,421
A00072,16,7,9.0,7.0,0.29421015391856836,422
A00225,15,7,8.0,8.0,0.29394477143050646,423
A00468,16,9,7.0,9.0,0.2934484822934178,424
A00514,12,7,5.0,7.0,0.29283216580893323,425
A00667,11,7,4.0,7.0,0.2925151484076041,426
A00088,10,6,4.0,6.0,0.29246140621628386,427
A00432,16,9,7.0,9.0,0.29174798583106215,428
A00663,10,5,5.0,5.0,0.28955433392369656,429
A00534,9,6,3.0,6.0,0.2893730404222033,430
A00875,12,6,6.0,6.0,0.2892933385850309,431
A00986,9,5,4.0,6.0,0.2892374054506434,432
A00048,14,7,7.0,7.0,0.28908556704102767,433
A00001,10,5,5.0,5.0,0.2888950433731318,434
A00249,13,8,5.0,8.0,0.2885921629997384,435
A01198,13,8,5.0,8.0,0.28830017462938445,436
A00843,7,2,5.0,2.0,0.2866574282917942,437
A00202,10,5,5.0,5.0,0.2864316444296334,438
A00744,13,9,4.0,9.0,0.2859972489266062,439
A00596,12,7,5.0,7.0,0.28583641491798883,440
A00572,14,8,6.0,8.0,0.2853135915673345,441
A00094,11,7,4.0,7.0,0.2846329407218796,442
A00515,11,6,5.0,6.0,0.28421967845883456,443
A00245,8,6,2.0,6.0,0.2836479253189262,444
A00969,11,7,4.0,7.0,0.2823819097006163,445
A00414,9,5,4.0,5.0,0.28230151073896415,446
A00464,9,5,4.0,5.0,0.28229874703880226,447
A01003,15,7,8.0,7.0,0.2820052519976217,448
A00199,13,8,5.0,8.0,0.28196215197081115,449
A00169,11,8,3.0,8.0,0.28147246500817036,450
A00255,14,8,6.0,8.0,0.281353545433303,451
A00427,10,8,2.0,8.0,0.28116134874570564,452
A00222,9,5,4.0,5.0,0.2809597243952003,453
A00458,8,4,4.0,4.0,0.2798843318107879,454
A00230,6,3,3.0,3.0,0.27968129049909374,455
A00915,16,8,8.0,8.0,0.27923874296936974,456
A00767,8,5,3.0,5.0,0.27882338991862865,457
A00060,10,5,5.0,5.0,0.2783334495772014,458
A00173,13,8,5.0,8.0,0.27822412473832464,459
A00314,9,4,5.0,4.0,0.2781601288414341,460
A01176,16,6,10.0,6.0,0.2780593021781291,461
A01078,13,7,6.0,7.0,0.27715001805881934,462
A00592,9,3,6.0,3.0,0.2770587360594345,463
A00816,8,4,4.0,4.0,0.2767896412589853,464
A01084,12,7,5.0,7.0,0.27639382909002413,465
A00574,10,7,3.0,7.0,0.2760491401028561,466
A00904,13,7,6.0,7.0,0.2758315374638878,467
A00654,11,6,5.0,6.0,0.27518961314159196,468
A00260,10,7,3.0,7.0,0.27488319762645985,469
A00203,6,3,3.0,3.0,0.27474353573776233,470
A00794,7,2,5.0,2.0,0.2745914258758432,471
A00983,5,0,5.0,0.0,0.27432382662159144,472
A00360,26,12,14.0,12.0,0.2739206144313634,473
A00861,13,7,6.0,7.0,0.27391506729264103,474
A00016,7,2,5.0,2.0,0.27381921470013104,475
A00417,7,2,5.0,2.0,0.27381921470013104,476
A00306,15,8,7.0,8.0,0.2737292038901771,477
A01188,8,4,4.0,4.0,0.2726674265324673,478
A00497,14,10,4.0,10.0,0.2725751126405411,479
A00003,7,3,4.0,4.0,0.27213470723496014,480
A00356,13,9,4.0,9.0,0.2714001299419393,481
A01114,11,9,2.0,9.0,0.27093435612327643,482
A01127,11,7,4.0,8.0,0.2703092161352635,483
A00595,7,6,1.0,6.0,0.2703016334388846,484
A00951,12,6,6.0,6.0,0.2702213217500067,485
A00639,13,7,6.0,7.0,0.2696651384420425,486
A00361,6,5,1.0,5.0,0.26851917086508165,487
A00774,9,4,5.0,4.0,0.2682995262947256,488
A00108,9,5,4.0,5.0,0.26785796856869043,489
A00598,10,8,2.0,8.0,0.2676211131760493,490
A00490,10,6,4.0,6.0,0.26759504698606396,491
A01183,13,8,5.0,8.0,0.26735363827929004,492
A00739,11,7,4.0,7.0,0.2669131772563571,493
A00803,14,7,8.0,7.0,0.26606273654204105,494
A00419,9,4,5.0,5.0,0.26593680554515525,495
A01100,10,4,6.0,4.0,0.2657710489939314,496
A00984,16,11,5.0,11.0,0.26531351843076134,497
A00916,18,12,6.0,12.0,0.2649181829678144,498
A01184,9,6,3.0,6.0,0.26405502030168854,499
A00336,9,6,3.0,6.0,0.2638899688388712,500
A00974,6,2,5.0,2.0,0.2635189361617257,501
A00452,9,3,6.0,3.0,0.2635105212291414,502
A00892,12,6,6.0,6.0,0.2631484902155096,503
A00540,12,7,5.0,7.0,0.26300203637326486,504
A00978,9,5,4.0,5.0,0.2615040863988478,505
A00554,10,5,5.0,5.0,0.26136867751359505,506
A00977,8,2,6.0,2.0,0.259105668779619,507
A00624,11,7,4.0,7.0,0.25861662949991626,508
A01155,11,7,4.0,7.0,0.25834504041354106,509
A00846,15,9,6.0,9.0,0.25827295262421535,510
A00760,9,4,5.0,4.0,0.2580897507025275,511
A00646,10,3,7.0,3.0,0.25785037590096443,512
A00930,13,7,6.0,7.0,0.2577661142456981,513
A00745,12,7,5.0,7.0,0.25750645038274267,514
A00334,14,11,3.0,11.0,0.25602751755692027,515
A00743,15,7,8.0,7.0,0.25597794040820576,516
A00029,15,9,6.0,9.0,0.2556852384897342,517
A00354,7,3,4.0,3.0,0.25565751093494565,518
A00997,10,6,4.0,6.0,0.2554005406735739,519
A00251,9,6,3.0,6.0,0.2553052975628008,520
A00567,9,6,3.0,6.0,0.2551196755597452,521
A00695,14,9,5.0,9.0,0.2550121906818253,522
A00949,10,7,3.0,7.0,0.25482582515300134,523
A00181,10,5,5.0,5.0,0.2545668999982237,524
A00426,11,4,7.0,4.0,0.2545233720746992,525
A00058,3,2,1.0,2.0,0.25449386162802284,526
A01169,9,4,5.0,4.0,0.2540789398365282,527
A00150,9,5,4.0,5.0,0.25326436996986745,528
A00524,11,6,5.0,6.0,0.25249319719324165,529
A00934,11,6,5.0,6.0,0.2522496952953609,530
A00092,10,5,5.0,5.0,0.25167399542593144,531
A01166,12,8,4.0,8.0,0.2513273665086496,532
A00698,9,5,4.0,5.0,0.2509798928673761,533
A00372,12,7,5.0,7.0,0.250516455400826,534
A00650,6,2,4.0,2.0,0.25028749920706445,535
A00231,15,7,8.0,7.0,0.24967902615688237,536
A01192,12,6,6.0,6.0,0.24966457198539857,537
A00921,4,2,2.0,2.0,0.24958482518361993,538
A00580,13,9,4.0,9.0,0.24941386164446058,539
A00723,15,9,6.0,9.0,0.2492683848176652,540
A00876,20,8,12.0,8.0,0.2490265850814999,541
A01021,15,9,6.0,9.0,0.24899991937974889,542
A00753,17,6,11.0,6.0,0.24892872230613317,543
A00755,11,7,4.0,7.0,0.24887439901643774,544
A00036,9,7,2.0,7.0,0.2486311520675641,545
A01007,5,2,3.0,2.0,0.2482085281391994,546
A00618,14,8,6.0,8.0,0.24815724368814468,547
A00571,14,10,4.0,10.0,0.2475998732173172,548
A00180,15,9,6.0,9.0,0.2473305585682004,549
A00819,9,5,4.0,5.0,0.24731849257630245,550
A00227,13,8,5.0,9.0,0.24616293862982142,551
A00320,8,2,6.0,2.0,0.24573953925482,552
A00131,11,7,4.0,7.0,0.24557150163834668,553
A00793,15,7,8.0,8.0,0.24554034930409357,554
A01079,9,4,5.0,4.0,0.245217142620728,555
A00113,12,7,5.0,7.0,0.24404704866958957,556
A00176,7,4,3.0,4.0,0.24393494166953877,557
A00247,9,5,4.0,5.0,0.24331696443565634,558
A00287,12,7,5.0,7.0,0.2426644746673902,559
A00277,12,6,6.0,6.0,0.24262361897825244,560
A00841,5,1,4.0,1.0,0.24203619746990407,561
A00447,7,5,2.0,5.0,0.2418201120464067,562
A00407,15,8,7.0,8.0,0.2417975917813287,563
A01141,9,4,5.0,4.0,0.24139140610558318,564
A01165,9,6,3.0,6.0,0.2412863617293956,565
A00910,15,8,7.0,8.0,0.2407386879980485,566
A00408,17,9,8.0,9.0,0.23994060530521732,567
A01092,13,8,5.0,8.0,0.2394016149827389,568
A00070,12,6,6.0,6.0,0.23939196167699672,569
A01015,13,6,7.0,6.0,0.23912761011646666,570
A00021,10,4,6.0,4.0,0.23881970005091252,571
A01139,12,6,6.0,6.0,0.23866236616001718,572
A00207,13,6,7.0,6.0,0.23829210501395418,573
A00470,9,5,4.0,5.0,0.23810920943048222,574
A00288,6,1,5.0,1.0,0.23761834319010072,575
A01133,10,7,3.0,7.0,0.2372942146199931,576
A00441,7,3,4.0,3.0,0.23593818869084027,577
A00615,9,6,3.0,6.0,0.23591453499984444,578
A00182,15,10,5.0,10.0,0.23543196449740952,579
A00062,13,9,4.0,9.0,0.23525275506007537,580
A00764,6,1,5.0,1.0,0.23476524616705868,581
A00631,16,8,8.0,8.0,0.23379812987207166,582
A00276,7,2,5.0,2.0,0.23377805805936158,583
A00562,16,9,7.0,9.0,0.2337052182407697,584
A00549,3,1,2.0,1.0,0.2336660198827471,585
A01088,10,5,5.0,5.0,0.23267279460738186,586
A00469,11,6,5.0,6.0,0.2323984825110121,587
A00433,10,5,5.0,5.0,0.23229249322824772,588
A00250,8,4,4.0,4.0,0.23193994805152518,589
A00813,8,3,5.0,3.0,0.2319220830749142,590
A00401,18,8,10.0,8.0,0.23184915797359268,591
A00675,9,6,3.0,6.0,0.23183227998805583,592
A00217,13,5,8.0,5.0,0.23119556804331698,593
A01130,10,4,6.0,4.0,0.23088863418900085,594
A00584,13,6,7.0,6.0,0.230389844701882,595
A00411,15,10,5.0,10.0,0.2301380647766502,596
A00201,6,4,2.0,4.0,0.22916803771249372,597
A00499,9,5,4.0,5.0,0.2289846292168031,598
A00431,8,4,4.0,4.0,0.2284373218846779,599
A00261,8,3,5.0,3.0,0.22837631127168284,600
A00185,13,10,3.0,11.0,0.22819570556982224,601
A00955,11,9,2.0,9.0,0.22808318442360961,602
A01045,6,2,4.0,2.0,0.22793952252714392,603
A01076,6,1,5.0,1.0,0.22776896971159985,604
A01034,12,6,6.0,6.0,0.22750626111779187,605
A01117,15,6,9.0,7.0,0.2270849435275745,606
A00366,7,3,4.0,3.0,0.22686868250468195,607
A01128,11,6,5.0,6.0,0.2268630992502057,608
A00370,15,10,5.0,10.0,0.2266296124088108,609
A00340,16,10,6.0,10.0,0.22608885485206515,610
A00881,14,9,5.0,9.0,0.22497054284479334,611
A01194,15,6,9.0,6.0,0.22488720807731363,612
A00183,8,4,5.0,4.0,0.22432612735998073,613
A01118,13,8,5.0,8.0,0.22369652383076025,614
A00775,6,3,3.0,3.0,0.22349349949590072,615
A01109,11,6,5.0,6.0,0.2232547924004099,616
A00988,13,7,6.0,7.0,0.223100645850614,617
A00282,11,6,5.0,6.0,0.22248664032422535,618
A00384,8,4,4.0,4.0,0.22181335162889676,619
A00614,11,7,4.0,7.0,0.22125693983069983,620
A00121,12,7,5.0,7.0,0.22122885393960626,621
A00935,6,3,3.0,3.0,0.22117487376591757,622
A00013,9,4,5.0,4.0,0.22104595066294222,623
A00600,9,6,3.0,6.0,0.220477463942908,624
A00630,11,6,5.0,6.0,0.2203935801901226,625
A00519,16,6,10.0,6.0,0.2196710329966849,626
A00727,5,2,3.0,2.0,0.21926020261082413,627
A00766,14,9,5.0,9.0,0.2181672838992604,628
A01074,12,6,6.0,6.0,0.21800328582737255,629
A00659,14,6,8.0,6.0,0.21761193099773354,630
A00609,16,8,8.0,8.0,0.21747445197766377,631
A00459,8,3,5.0,3.0,0.2166248927110009,632
A00785,12,6,6.0,6.0,0.2163113751304164,633
A00652,9,5,4.0,5.0,0.21482015755087333,634
A00110,6,3,3.0,3.0,0.2144417024395436,635
A00741,15,9,6.0,9.0,0.214437894138043,636
A00779,14,9,6.0,9.0,0.21440653606088658,637
A00799,9,3,6.0,3.0,0.21419889143667997,638
A01075,6,4,2.0,4.0,0.21383816669779715,639
A00613,6,3,3.0,3.0,0.2138178687115718,640
A00507,7,5,2.0,5.0,0.21364841564283235,641
A00388,7,3,5.0,3.0,0.2133255984707011,642
A01023,19,11,8.0,11.0,0.21297197588291458,643
A00065,7,3,4.0,3.0,0.2127329080297953,644
A00520,10,4,6.0,4.0,0.21237439758843984,645
A00476,14,9,5.0,9.0,0.21232993829030092,646
A00038,12,8,4.0,8.0,0.2114547877442546,647
A00349,11,6,5.0,6.0,0.21131252260915398,648
A00357,13,8,5.0,8.0,0.2103916109580601,649
A00818,16,6,10.0,6.0,0.21024251674801,650
A01103,15,11,4.0,11.0,0.2100572416918691,651
A00002,15,10,5.0,10.0,0.20957360168516326,652
A01124,17,8,9.0,8.0,0.20943386808048833,653
A00805,3,2,1.0,2.0,0.20913318235631412,654
A00957,8,5,3.0,5.0,0.20910258195522452,655
A01072,8,6,2.0,6.0,0.20900916120386112,656
A00536,16,7,9.0,7.0,0.20893006713208795,657
A00680,8,3,5.0,3.0,0.20888233649577656,658
A00958,16,7,9.0,7.0,0.20851050044219405,659
A01014,7,5,2.0,5.0,0.20815465794934337,660
A00815,12,7,5.0,7.0,0.20809498415505828,661
A01156,9,4,5.0,5.0,0.20796190899369432,662
A00281,9,5,4.0,5.0,0.20599518806893652,663
A00233,10,4,6.0,4.0,0.20594687627207484,664
A00044,15,9,6.0,9.0,0.2058591702847627,665
A00797,9,4,5.0,4.0,0.2051846519203826,666
A00835,7,3,4.0,3.0,0.20491900623739376,667
A00831,14,9,5.0,9.0,0.20469381090434308,668
A00032,17,10,8.0,10.0,0.20458377460036187,669
A01160,6,3,3.0,3.0,0.20431989715568252,670
A01171,14,7,7.0,7.0,0.2043120201294907,671
A00073,16,11,6.0,11.0,0.2042160177229738,672
A01193,8,4,4.0,5.0,0.20413389093429748,673
A00332,8,5,3.0,5.0,0.20404722821351073,674
A00467,12,6,6.0,6.0,0.20389292051095256,675
A00386,16,8,8.0,8.0,0.20326275557412027,676
A01001,9,5,4.0,5.0,0.20300376138766663,677
A00922,9,5,4.0,5.0,0.20240406258293406,678
A00975,12,9,3.0,9.0,0.2021675886197151,679
A00455,17,10,7.0,10.0,0.2018952420556756,680
A01145,7,4,3.0,4.0,0.20175205023636908,681
A00527,9,5,4.0,5.0,0.20071099926646044,682
A00708,16,7,9.0,7.0,0.20043375189504836,683
A00591,8,5,3.0,5.0,0.1997499831411842,684
A00697,5,3,2.0,3.0,0.19974850542454414,685
A00395,8,6,2.0,6.0,0.19920289927088067,686
A00941,9,4,5.0,4.0,0.19906212150536828,687
A00014,8,4,4.0,4.0,0.19869715155440917,688
A00495,12,6,7.0,7.0,0.19864947196717864,689
A00845,7,3,4.0,3.0,0.19803290590194728,690
A00502,8,4,4.0,4.0,0.19779669223366797,691
A00714,12,6,6.0,6.0,0.19721698635653495,692
A00662,9,5,4.0,5.0,0.19674698022577353,693
A01196,9,3,6.0,3.0,0.19601730424119745,694
A00385,15,10,5.0,10.0,0.19571834782391595,695
A00327,7,3,4.0,3.0,0.1954415065287045,696
A00268,7,3,4.0,3.0,0.19539054456871432,697
A00130,8,3,5.0,3.0,0.1952517781177703,698
A00523,14,6,8.0,6.0,0.19509761417573607,699
A00830,5,1,4.0,1.0,0.19503532560744308,700
A00677,16,6,10.0,6.0,0.1945876092400292,701
A00525,16,7,9.0,8.0,0.19435087052105446,702
A00007,8,3,5.0,3.0,0.1935508206689487,703
A00379,9,4,5.0,4.0,0.19319604078857464,704
A00850,12,8,4.0,8.0,0.1928147955113376,705
A00101,5,1,4.0,1.0,0.19075479584156962,706
A00542,22,11,11.0,11.0,0.19068555907447238,707
A00522,16,9,7.0,9.0,0.19031682754944573,708
A01036,17,10,7.0,10.0,0.19013924695043305,709
A00465,7,3,4.0,3.0,0.19010865182771078,710
A00237,16,7,9.0,7.0,0.1900093073892157,711
A00678,10,6,4.0,6.0,0.18991581539183053,712
A00252,11,6,5.0,7.0,0.1894622963507531,713
A01008,10,5,6.0,5.0,0.18917114022670256,714
A00546,16,10,6.0,10.0,0.18902569664906263,715
A00210,21,12,9.0,12.0,0.18901046895483317,716
A01048,15,9,6.0,9.0,0.18881624320397788,717
A01131,6,1,5.0,1.0,0.1887953290930479,718
A00692,3,0,3.0,0.0,0.1887096787328484,719
A00751,8,4,4.0,4.0,0.18860526087524584,720
A01123,12,6,6.0,6.0,0.18828578101363364,721
A01037,13,6,7.0,6.0,0.18778165966974006,722
A01050,13,6,7.0,6.0,0.1877734111539809,723
A01093,13,4,9.0,4.0,0.18771120350047715,724
A01039,9,4,5.0,4.0,0.18762496205361148,725
A00299,14,9,5.0,9.0,0.18748441346692593,726
A00563,19,11,8.0,13.0,0.186940718770039,727
A00140,9,4,5.0,4.0,0.1868639012454567,728
A00849,7,5,2.0,5.0,0.18508710992424285,729
A00267,15,12,3.0,12.0,0.18491265544194438,730
A00762,10,4,6.0,4.0,0.18485761883657786,731
A00413,21,10,11.0,10.0,0.18476847875207017,732
A00436,5,3,2.0,3.0,0.18420867662320597,733
A00712,8,5,3.0,5.0,0.184042353187689,734
A01107,15,10,5.0,10.0,0.18396375224611425,735
A00204,14,10,4.0,10.0,0.18311487608729984,736
A00318,18,10,8.0,10.0,0.18200913825695372,737
A00209,7,3,4.0,3.0,0.17993503376062883,738
A00664,14,7,7.0,7.0,0.17922581033079746,739
A00552,10,4,6.0,4.0,0.17894512091627307,740
A00175,8,2,7.0,2.0,0.178586665209941,741
A00216,17,6,11.0,6.0,0.17842532445879733,742
A00589,7,3,5.0,3.0,0.1782623102118464,743
A00377,8,3,6.0,3.0,0.17730597786397556,744
A00717,9,4,5.0,4.0,0.17671923865219966,745
A00855,17,7,10.0,7.0,0.1760039536711422,746
A00588,17,6,11.0,6.0,0.17540523494757454,747
A00279,5,2,3.0,2.0,0.17295807986639675,748
A00348,17,10,7.0,10.0,0.17293359325347518,749
A00242,8,4,4.0,4.0,0.17229716200558026,750
A00069,15,9,6.0,9.0,0.17197022715022864,751
A01012,17,9,8.0,9.0,0.17158785339794838,752
A00752,17,8,9.0,8.0,0.17101151353453645,753
A00994,7,3,4.0,3.0,0.17095918874755808,754
A00862,14,10,4.0,10.0,0.17048693112708913,755
A01164,17,10,7.0,10.0,0.1696823798342143,756
A01174,7,3,4.0,3.0,0.1695771326269057,757
A00005,9,5,4.0,5.0,0.16955722991386146,758
A00136,6,3,3.0,3.0,0.16955292133075822,759
A01071,16,6,10.0,6.0,0.169291938928162,760
A00945,12,7,5.0,7.0,0.16928866472553197,761
A00089,14,5,9.0,6.0,0.1692410437199138,762
A01110,15,11,4.0,11.0,0.16893453762371896,763
A00220,10,4,6.0,4.0,0.16860241548067958,764
A01119,18,10,8.0,10.0,0.16811124008042125,765
A00378,21,12,9.0,12.0,0.16786605355896975,766
A00174,9,4,6.0,4.0,0.167198127515857,767
A00593,9,5,4.0,5.0,0.16679425165691017,768
A00871,14,6,8.0,6.0,0.16643293033122786,769
A00453,18,7,11.0,7.0,0.16627974294908887,770
A00041,8,5,3.0,5.0,0.1651958695436193,771
A00889,10,5,5.0,5.0,0.16474161221384498,772
A00437,7,2,5.0,2.0,0.16457084111509473,773
A00560,7,3,4.0,3.0,0.1643144294774295,774
A00139,9,5,4.0,5.0,0.164029844960495,775
A01030,9,5,4.0,5.0,0.16331786381351268,776
A01143,8,4,4.0,4.0,0.16283231851942231,777
A00836,9,4,5.0,4.0,0.162628566972623,778
A00557,17,10,8.0,10.0,0.1616223815758968,779
A01125,17,10,8.0,10.0,0.16089932031997953,780
A00006,19,14,5.0,14.0,0.1601906217391561,781
A01158,9,5,4.0,5.0,0.16016600353074395,782
A00141,5,2,3.0,2.0,0.1586912003971106,783
A00440,10,5,5.0,6.0,0.15849199703830813,784
A00143,19,11,8.0,11.0,0.15846500391254964,785
A01085,12,7,5.0,7.0,0.15815237489210138,786
A00929,11,5,6.0,5.0,0.1579840401240197,787
A00733,16,13,3.0,13.0,0.1576708021055517,788
A00132,9,5,4.0,5.0,0.15750004048529784,789
A00544,16,7,9.0,8.0,0.1569890001050448,790
A00463,10,4,7.0,4.0,0.15629349174294657,791
A00569,7,4,3.0,4.0,0.1555309693814918,792
A00907,9,3,6.0,3.0,0.1554219350686304,793
A01056,12,5,7.0,5.0,0.1541362277141559,794
A00382,12,5,7.0,5.0,0.1537054553551893,795
A00721,5,4,1.0,4.0,0.15366295943512018,796
A01144,16,12,4.0,13.0,0.15349143329715836,797
A00454,12,6,6.0,7.0,0.1516774180319858,798
A01148,9,3,6.0,3.0,0.15153068497821862,799
A01147,9,3,6.0,3.0,0.15138880309282193,800
A00837,10,4,6.0,4.0,0.1500880816184381,801
A00693,7,4,3.0,4.0,0.1494238007808407,802
A01069,13,6,7.0,6.0,0.14935761158771335,803
A01177,12,5,8.0,5.0,0.1493055832257858,804
A00638,17,9,8.0,9.0,0.14925597681829764,805
A00784,16,13,3.0,13.0,0.14899482582800402,806
A00918,13,10,3.0,10.0,0.14882862203095143,807
A01099,17,7,10.0,7.0,0.14815593155697088,808
A00077,9,5,4.0,5.0,0.1471070031017555,809
A01185,18,10,8.0,10.0,0.14678923456012283,810
A00055,12,5,7.0,5.0,0.1467565622758302,811
A00647,18,12,6.0,12.0,0.14625202666875373,812
A00323,9,4,5.0,4.0,0.1461345661978894,813
A00253,13,5,8.0,6.0,0.1458785142897048,814
A00393,11,6,5.0,6.0,0.14585545901987385,815
A00148,4,2,2.0,2.0,0.145160045850054,816
A00160,17,8,9.0,8.0,0.144799174175614,817
A00530,17,9,8.0,9.0,0.14479626602228676,818
A00303,12,5,8.0,5.0,0.1446870575021132,819
A00214,17,9,8.0,9.0,0.1442987070026055,820
A00686,14,9,5.0,9.0,0.14377269154983865,821
A00090,10,4,6.0,4.0,0.14351744344501738,822
A00622,10,5,5.0,5.0,0.1425618902032818,823
A00368,8,3,5.0,3.0,0.14191334001872172,824
A00894,11,5,6.0,5.0,0.1418646053136126,825
A00866,16,6,10.0,6.0,0.14102564762928044,826
A00109,17,9,8.0,9.0,0.14097841446638948,827
A01190,19,10,9.0,10.0,0.14012305827240057,828
A00187,18,10,8.0,10.0,0.14010075634915067,829
A00627,18,14,4.0,14.0,0.13963294931213863,830
A00124,17,9,8.0,10.0,0.13926630545989016,831
A00206,5,2,4.0,2.0,0.13867029561514213,832
A00144,9,4,5.0,4.0,0.13746804048772332,833
A00213,14,8,6.0,8.0,0.1370030546906511,834
A00709,7,4,3.0,4.0,0.13623734992363207,835
A00844,4,2,2.0,2.0,0.13623612836653234,836
A00278,10,4,6.0,4.0,0.1355003158369745,837
A00611,7,4,3.0,4.0,0.13473334481633314,838
A01032,7,5,2.0,6.0,0.1325203085084772,839
A00620,17,7,10.0,7.0,0.13202599526068043,840
A00269,10,5,5.0,5.0,0.13092143672710477,841
A01129,7,4,3.0,4.0,0.13026398235988015,842
A00517,11,4,7.0,4.0,0.13025422482751606,843
A00576,10,4,6.0,4.0,0.129755496896112,844
A00962,15,11,4.0,11.0,0.12880890463000655,845
A00484,18,11,7.0,11.0,0.1287941314610734,846
A00989,6,1,5.0,1.0,0.1287827036078071,847
A00993,18,11,7.0,11.0,0.12866746319960456,848
A00478,9,4,5.0,4.0,0.12854364794306886,849
A00826,4,2,2.0,2.0,0.128488185439223,850
A00705,9,4,5.0,4.0,0.1276587910332835,851
A00295,16,7,9.0,8.0,0.12678147901818182,852
A00991,8,2,6.0,2.0,0.12649767732972825,853
A00872,6,4,2.0,4.0,0.12638665491038617,854
A00512,9,3,6.0,3.0,0.1258158238438373,855
A00824,7,3,4.0,3.0,0.12551359502867346,856
A00170,8,4,4.0,4.0,0.12510425816510637,857
A01101,9,4,6.0,4.0,0.12306682398050109,858
A00579,11,6,5.0,6.0,0.12279811053925874,859
A01073,1,1,0.0,1.0,0.12215112053027162,860
A00405,18,10,8.0,10.0,0.12204478154901607,861
A01080,7,2,5.0,2.0,0.12180635739995135,862
A00757,7,2,5.0,2.0,0.12119832737361193,863
A00737,14,6,8.0,6.0,0.12088120593096782,864
A00998,5,1,4.0,1.0,0.12027896272220234,865
A00586,5,2,3.0,2.0,0.11851766743482252,866
A00309,19,12,7.0,12.0,0.11813555276470335,867
A00333,9,4,5.0,4.0,0.11804287495274247,868
A00364,13,5,9.0,6.0,0.11796556872895791,869
A00439,9,4,6.0,5.0,0.11753345845610864,870
A00703,6,5,1.0,5.0,0.11749573746088662,871
A00583,7,1,6.0,1.0,0.11725195830464424,872
A00939,11,5,6.0,5.0,0.11633462195242461,873
A00681,19,9,10.0,9.0,0.11616274058355873,874
A00825,9,4,5.0,5.0,0.11584883130806078,875
A00172,17,10,7.0,10.0,0.11523028810778368,876
A01138,8,3,5.0,3.0,0.1147452964742659,877
A00380,11,5,6.0,5.0,0.1141693290752278,878
A00078,12,5,7.0,5.0,0.11300137415976186,879
A00788,17,10,7.0,10.0,0.11141213613654796,880
A00096,7,4,3.0,4.0,0.11085681723595914,881
A00023,10,4,6.0,4.0,0.11074025122992402,882
A00257,7,2,5.0,2.0,0.11055981973968439,883
A00711,9,4,5.0,4.0,0.1103586209810326,884
A00684,12,5,7.0,5.0,0.10983680354323484,885
A00079,10,4,6.0,4.0,0.10929117941957443,886
A00791,17,9,9.0,9.0,0.10848380515903272,887
A00937,11,4,7.0,4.0,0.10785938463993378,888
A00338,8,5,3.0,5.0,0.10745337802834996,889
A00716,9,4,5.0,4.0,0.10745269909783688,890
A00351,13,5,8.0,5.0,0.10742605329191955,891
A01052,9,3,6.0,3.0,0.1068701909779782,892
A01013,7,1,6.0,1.0,0.10625440842670499,893
A00435,9,2,7.0,2.0,0.10591808443529249,894
A00829,15,6,9.0,6.0,0.10489312808912861,895
A00996,8,5,3.0,5.0,0.10478824780207958,896
A00890,12,5,7.0,5.0,0.10465360636778374,897
A01189,15,12,3.0,12.0,0.10461820323006772,898
A00302,8,2,6.0,2.0,0.10447282132399162,899
A00315,8,4,4.0,4.0,0.10361873497244242,900
A00083,13,8,5.0,8.0,0.10323682427049398,901
A00504,8,5,3.0,5.0,0.10226854986516455,902
A00219,9,4,5.0,4.0,0.10169457161244722,903
A01187,7,5,2.0,5.0,0.1007847705138989,904
A00564,13,5,8.0,5.0,0.10066539489949519,905
A00193,17,9,8.0,9.0,0.09957695202686456,906
A00045,18,8,10.0,8.0,0.09905084622401632,907
A01086,1,1,0.0,1.0,0.09838133173321015,908
A00605,9,3,6.0,3.0,0.09722687843015021,909
A00671,8,4,4.0,4.0,0.097225901879583,910
A00224,8,5,3.0,5.0,0.09651933983050846,911
A00736,5,3,2.0,3.0,0.09529299346629386,912
A00397,17,12,5.0,12.0,0.09496451128080358,913
A01111,5,2,3.0,2.0,0.09468410659804921,914
A00888,17,10,7.0,10.0,0.0942809047808544,915
A00607,15,9,6.0,9.0,0.0932787888156586,916
A00081,17,10,7.0,10.0,0.09321794806737028,917
A00307,16,12,4.0,12.0,0.09202540919054472,918
A00399,13,5,8.0,5.0,0.09185305727559184,919
A01105,6,2,4.0,2.0,0.09169255979974507,920
A00049,17,7,10.0,7.0,0.09148660805443788,921
A00942,9,3,6.0,3.0,0.09128515752277065,922
A01173,10,4,6.0,4.0,0.09114218451179812,923
A01102,8,3,5.0,3.0,0.08952973121232002,924
A00450,9,4,5.0,4.0,0.08943729388618289,925
A00125,7,5,2.0,5.0,0.08900469300073004,926
A00009,12,5,8.0,5.0,0.08888336369051025,927
A01031,10,4,6.0,4.0,0.08859788374551458,928
A00487,9,2,7.0,2.0,0.0873909536269961,929
A00874,13,5,8.0,5.0,0.08738316687170854,930
A00531,6,3,3.0,3.0,0.08726260711846469,931
A00324,8,3,5.0,3.0,0.08681884870780773,932
A00387,18,10,8.0,10.0,0.08629322278142415,933
A00735,22,9,13.0,9.0,0.08474992177889709,934
A00840,19,9,10.0,9.0,0.08454335265544266,935
A00859,9,3,6.0,3.0,0.0836718497085907,936
A00064,9,4,5.0,4.0,0.08366823857759621,937
A01162,11,4,7.0,4.0,0.08291503343877535,938
A00551,8,3,5.0,3.0,0.08248141296485967,939
A00924,12,5,7.0,5.0,0.08234336272781678,940
A00790,8,5,3.0,5.0,0.08224468049030031,941
A00851,10,4,6.0,4.0,0.08077520618225728,942
A01159,7,5,2.0,5.0,0.07892862998962415,943
A00661,10,5,5.0,5.0,0.07892661074855717,944
A00556,11,5,6.0,5.0,0.0786988341946418,945
A00063,11,5,6.0,5.0,0.07766749041468583,946
A00643,6,1,5.0,1.0,0.07731549520564765,947
A00496,10,5,5.0,5.0,0.07563314380855347,948
A00839,7,5,2.0,5.0,0.07473710023912453,949
A00865,8,3,5.0,3.0,0.07457102895965559,950
A00676,18,15,3.0,15.0,0.07409132388136422,951
A00415,13,5,8.0,5.0,0.07396971440505987,952
A00747,11,5,6.0,5.0,0.07278564662289166,953
A00374,15,5,10.0,6.0,0.07221850535834906,954
A00301,12,5,7.0,5.0,0.07211953649266709,955
A00293,8,5,3.0,5.0,0.07149319707473938,956
A00635,19,7,12.0,7.0,0.07117141417206177,957
A00409,12,5,7.0,5.0,0.07107686463290512,958
A01011,12,4,8.0,4.0,0.07100878028286337,959
A00634,18,12,6.0,12.0,0.07074630584653203,960
A00877,14,5,9.0,5.0,0.0700138477991137,961
A00724,10,3,7.0,3.0,0.06961531313048133,962
A00342,17,9,8.0,9.0,0.06947277470781835,963
A01051,18,9,9.0,9.0,0.06906601786743405,964
A00483,18,7,11.0,7.0,0.06886374753594045,965
A00028,11,3,8.0,3.0,0.06884447376245649,966
A00339,8,4,4.0,4.0,0.06757454390394173,967
A01168,8,2,6.0,2.0,0.06704808781594129,968
A00900,20,7,13.0,7.0,0.06632803702315457,969
A00106,11,5,6.0,5.0,0.06589251251515105,970
A00466,14,5,9.0,5.0,0.06579988344300902,971
A00018,9,4,5.0,4.0,0.06561024052176431,972
A00821,11,5,6.0,5.0,0.06556308584485991,973
A00666,18,8,10.0,8.0,0.06468170785486795,974
A00902,20,15,5.0,15.0,0.06460328956108047,975
A00149,23,10,13.0,10.0,0.06409207218650974,976
A01167,7,4,3.0,4.0,0.06295191071178297,977
A00134,11,5,6.0,5.0,0.06274176065267743,978
A01179,11,4,7.0,4.0,0.06271116324422636,979
A00471,23,9,14.0,9.0,0.06247821957836423,980
A00973,11,5,6.0,5.0,0.06197521496558894,981
A01000,11,4,7.0,4.0,0.06153341578822735,982
A01146,10,3,7.0,3.0,0.06080230302048901,983
A00159,17,7,11.0,7.0,0.06061678659980354,984
A00294,17,12,5.0,12.0,0.060590630583655526,985
A00042,11,4,7.0,4.0,0.06015360784204792,986
A01106,13,5,9.0,5.0,0.060010275679708965,987
A00952,9,3,6.0,3.0,0.05986193630230089,988
A01157,10,4,6.0,4.0,0.0594811860747096,989
A00322,11,3,8.0,3.0,0.058745165063359334,990
A00053,10,2,8.0,2.0,0.058441414686304254,991
A00347,12,5,7.0,5.0,0.057241044044194556,992
A01005,11,5,6.0,5.0,0.05716437355857406,993
A00754,9,2,8.0,2.0,0.05705079488542591,994
A00582,9,3,7.0,3.0,0.05704030097843516,995
A00545,8,3,5.0,3.0,0.05692166259797735,996
A00438,11,5,6.0,5.0,0.0559962154637039,997
A00653,19,10,9.0,10.0,0.05595678547290445,998
A00099,11,4,7.0,4.0,0.05584794162932688,999
A00300,20,8,12.0,8.0,0.055781260566685954,1000
A00328,18,9,9.0,9.0,0.05536663362731719,1001
A00171,13,4,9.0,4.0,0.05530844003240218,1002
A00720,10,4,6.0,4.0,0.054895910738212934,1003
A00931,13,4,9.0,4.0,0.05475346587554461,1004
A00095,11,4,8.0,4.0,0.05443150574515862,1005
A00568,17,7,10.0,7.0,0.054110633372552626,1006
A01149,10,4,6.0,4.0,0.053668584976520904,1007
A00581,8,3,5.0,3.0,0.05366398058588672,1008
A00051,13,5,8.0,5.0,0.05320502853564718,1009
A00749,11,4,7.0,4.0,0.05102499694237138,1010
A00848,13,5,8.0,5.0,0.04991486929196833,1011
A00528,19,9,10.0,9.0,0.049412785640252505,1012
A01091,12,5,7.0,5.0,0.049103153396828254,1013
A00917,13,5,8.0,5.0,0.04907056676618258,1014
A01067,17,6,11.0,6.0,0.047794290829838444,1015
A00623,11,5,6.0,5.0,0.04769501825431499,1016
A01197,10,3,7.0,3.0,0.04745166007776279,1017
A00326,16,4,12.0,4.0,0.04722599102666392,1018
A00954,9,4,5.0,4.0,0.047182364781536944,1019
A01043,8,3,5.0,3.0,0.046882107328096355,1020
A00672,11,5,6.0,5.0,0.04643162012962086,1021
A00039,13,5,8.0,5.0,0.046164538245388555,1022
A00521,12,5,7.0,5.0,0.04441702254160361,1023
A00710,12,5,7.0,5.0,0.044329580428512504,1024
A00965,7,3,4.0,3.0,0.0440558807435812,1025
A01082,10,4,6.0,4.0,0.04371569488807651,1026
A00943,8,2,6.0,2.0,0.04364509526079749,1027
A00262,7,3,4.0,3.0,0.043160056299218985,1028
A00601,13,5,8.0,5.0,0.04308137246394557,1029
A01083,13,5,8.0,5.0,0.0427520789894202,1030
A00911,13,5,8.0,5.0,0.04237049784667923,1031
A00212,17,7,10.0,7.0,0.042302976974075,1032
A00940,19,7,12.0,7.0,0.0417669534949516,1033
A01104,10,3,8.0,3.0,0.04132705764731919,1034
A00891,13,5,8.0,5.0,0.04123746974755566,1035
A00285,14,4,10.0,4.0,0.04065586442124319,1036
A00625,11,4,7.0,4.0,0.040599965831201124,1037
A00923,10,3,7.0,3.0,0.04041227620972301,1038
A00308,7,1,6.0,1.0,0.04005197625351354,1039
A00616,13,5,8.0,5.0,0.03988288067718391,1040
A01002,11,4,7.0,4.0,0.03986196247411972,1041
A00884,13,5,8.0,5.0,0.03973144236250537,1042
A00933,9,4,5.0,4.0,0.039198969185533276,1043
A01054,12,5,7.0,5.0,0.039175886806949826,1044
A00402,11,4,7.0,4.0,0.038914094578765754,1045
A00238,18,8,10.0,9.0,0.038756782449063186,1046
A00533,12,5,7.0,5.0,0.03821337907190862,1047
A00748,11,4,7.0,4.0,0.03820598676930046,1048
A00887,13,5,8.0,5.0,0.03760459978961164,1049
A00683,14,5,9.0,5.0,0.03721383672545057,1050
A00263,13,4,9.0,4.0,0.03703788696511863,1051
A00128,18,7,11.0,7.0,0.0364268506230883,1052
A00369,14,5,9.0,5.0,0.036023069569170944,1053
A00066,14,5,9.0,5.0,0.03573349998888289,1054
A00729,11,3,8.0,3.0,0.035704317180896956,1055
A00971,9,3,6.0,3.0,0.03500475148305702,1056
A00292,11,3,8.0,3.0,0.034013543315680475,1057
A00873,18,5,13.0,5.0,0.033407084837440496,1058
A00938,13,4,9.0,4.0,0.032826576919810745,1059
A01044,10,4,6.0,4.0,0.03264099695476928,1060
A00061,11,5,6.0,5.0,0.032481346089631616,1061
A00553,12,4,8.0,4.0,0.03196372363300901,1062
A00670,10,3,7.0,3.0,0.03195165715263321,1063
A00365,11,5,6.0,5.0,0.0317639207373128,1064
A00538,11,5,6.0,5.0,0.031539891766479734,1065
A01090,9,2,7.0,2.0,0.031306844420354536,1066
A00883,9,2,7.0,2.0,0.03073398474450322,1067
A00177,17,4,13.0,4.0,0.030215595475738374,1068
A00811,10,3,7.0,3.0,0.02979953943769152,1069
A01181,10,3,7.0,3.0,0.029277645653941288,1070
A00024,9,2,7.0,2.0,0.028825436994382166,1071
A00035,8,2,6.0,2.0,0.02800885418500977,1072
A00700,12,5,7.0,5.0,0.027663908551869825,1073
A00870,10,3,7.0,3.0,0.02725351255338731,1074
A00920,8,2,6.0,2.0,0.026963217950778856,1075
A00899,10,3,7.0,3.0,0.02633861618887633,1076
A00400,11,3,8.0,3.0,0.02602178132458509,1077
A00312,10,3,7.0,3.0,0.02589704935075589,1078
A00879,10,3,7.0,3.0,0.02589704935075589,1079
A00947,11,4,7.0,4.0,0.02545625113582336,1080
A01081,11,5,6.0,5.0,0.02511577115897625,1081
A00550,10,4,6.0,4.0,0.024533424139556052,1082
A00428,10,2,8.0,2.0,0.024443418372610975,1083
A01019,16,5,12.0,5.0,0.024105568960814568,1084
A00629,12,4,8.0,4.0,0.024025115753703984,1085
A00197,13,3,10.0,3.0,0.024011298084621244,1086
A00612,14,3,11.0,3.0,0.023674956438531833,1087
A00740,16,4,12.0,4.0,0.023510169285105346,1088
A00909,15,5,10.0,5.0,0.02335468726041644,1089
A00236,9,3,6.0,3.0,0.02319009167229061,1090
A00726,12,5,7.0,5.0,0.022970226366746102,1091
A00046,11,3,9.0,3.0,0.022887618058938707,1092
A00822,10,2,8.0,2.0,0.022593251190767796,1093
A00456,10,4,6.0,4.0,0.02257266820136356,1094
A00903,11,5,6.0,5.0,0.022255292270424363,1095
A00981,11,2,9.0,2.0,0.022163580103623935,1096
A01132,11,5,6.0,5.0,0.021956168051136194,1097
A01150,9,3,6.0,3.0,0.021525707372472936,1098
A00599,9,4,5.0,4.0,0.021128116259236655,1099
A00215,11,4,7.0,4.0,0.020907741711948733,1100
A00022,12,3,10.0,3.0,0.02089315844721964,1101
A00488,10,2,8.0,2.0,0.020125525576648005,1102
A01053,11,5,6.0,5.0,0.01967598056529397,1103
A00913,13,5,8.0,5.0,0.019636893033412765,1104
A00773,15,3,12.0,3.0,0.019508726567550098,1105
A01042,12,5,8.0,5.0,0.019019801362786436,1106
A01121,7,1,6.0,1.0,0.01897801876247452,1107
A00777,10,4,6.0,4.0,0.018972999053307314,1108
A00273,12,5,7.0,5.0,0.018964259467991944,1109
A01009,13,5,8.0,5.0,0.018540510456381613,1110
A00494,10,3,7.0,3.0,0.01846420030961496,1111
A00696,11,5,6.0,5.0,0.018279290665753997,1112
A00860,14,5,10.0,5.0,0.018172085318411114,1113
A00138,11,4,7.0,4.0,0.01816834452093864,1114
A00192,13,3,10.0,3.0,0.018134848161189265,1115
A00687,14,5,9.0,5.0,0.01779459794092374,1116
A00246,10,4,6.0,4.0,0.01756942925738484,1117
A00808,10,4,7.0,4.0,0.0172672268758972,1118
A01178,12,5,7.0,5.0,0.016951246066571148,1119
A00033,14,5,9.0,5.0,0.016775251311589755,1120
A01070,10,1,9.0,1.0,0.01664790303036587,1121
A00878,19,5,14.0,5.0,0.01647532260704778,1122
A00704,12,5,7.0,5.0,0.016303794156354648,1123
A01163,10,3,7.0,3.0,0.01600531130886549,1124
A00842,11,4,8.0,4.0,0.01597277694072913,1125
A00769,13,5,8.0,5.0,0.0156864680294531,1126
A01180,8,2,6.0,2.0,0.015644685429141186,1127
A00800,8,2,6.0,2.0,0.015644685429141186,1128
A00358,16,5,11.0,5.0,0.01547576126250483,1129
A01089,10,4,7.0,4.0,0.01539291055500323,1130
A01040,10,4,6.0,4.0,0.01539291055500323,1131
A00795,10,1,9.0,1.0,0.015232547125130246,1132
A01018,12,4,9.0,4.0,0.015092464393173652,1133
A01136,11,4,7.0,4.0,0.014568675372882397,1134
A00771,11,5,6.0,5.0,0.014528750053538993,1135
A00404,12,4,8.0,4.0,0.014527605275682956,1136
A00460,14,4,10.0,4.0,0.014525551670376093,1137
A00068,11,3,9.0,3.0,0.014389093597247321,1138
A00547,13,4,9.0,4.0,0.014136270818651347,1139
A00211,13,4,9.0,4.0,0.013781809387335716,1140
A00034,13,3,10.0,3.0,0.01359820883322094,1141
A01087,12,3,9.0,3.0,0.013301642761718805,1142
A00152,10,3,7.0,3.0,0.012923269778796109,1143
A00123,13,5,8.0,5.0,0.012921548194047122,1144
A00275,13,4,9.0,4.0,0.012770133388258923,1145
A00966,12,4,8.0,4.0,0.012212089538035691,1146
A00486,11,4,7.0,4.0,0.01210477171876119,1147
A00701,11,2,9.0,2.0,0.011687309471765233,1148
A01094,11,4,7.0,4.0,0.011620619381404683,1149
A00026,11,4,7.0,4.0,0.01159532920085553,1150
A00610,15,5,10.0,5.0,0.011312488849649176,1151
A01029,10,1,9.0,1.0,0.011107771105178672,1152
A00116,12,4,8.0,4.0,0.011052807206720633,1153
A00516,14,4,10.0,4.0,0.01068795301066163,1154
A00030,13,4,10.0,4.0,0.010591454726793327,1155
A00926,12,4,8.0,4.0,0.010386823000812472,1156
A00188,10,4,6.0,5.0,0.010198481039033976,1157
A00603,12,4,8.0,4.0,0.010074035530473008,1158
A01062,11,2,9.0,2.0,0.009969360753816514,1159
A00421,13,4,9.0,4.0,0.009934879709815771,1160
A00429,16,5,11.0,5.0,0.009675881972433697,1161
A00804,12,3,9.0,3.0,0.009622000229463069,1162
A00587,11,5,6.0,5.0,0.00949780981139991,1163
A00442,11,4,7.0,4.0,0.009474117079643409,1164
A00406,11,4,7.0,4.0,0.009365689886743184,1165
A00375,11,4,7.0,4.0,0.009365689886743184,1166
A00685,11,2,9.0,3.0,0.009318969926432765,1167
A00205,11,4,7.0,4.0,0.009039774459339551,1168
A00817,16,5,11.0,5.0,0.00893806906070774,1169
A00857,12,4,8.0,4.0,0.008808132873735249,1170
A00164,12,3,9.0,3.0,0.00857003571742251,1171
A00011,12,5,7.0,5.0,0.008560766062844116,1172
A00162,11,4,7.0,4.0,0.008505102570704946,1173
A01195,11,4,7.0,4.0,0.008505102570704946,1174
A00103,12,4,8.0,4.0,0.008348545334394577,1175
A00430,9,1,8.0,1.0,0.008244576319818939,1176
A00098,11,4,7.0,4.0,0.007756168361694691,1177
A00732,11,4,7.0,4.0,0.007756168361694691,1178
A00575,12,4,8.0,4.0,0.007475186408779885,1179
A00462,13,4,9.0,4.0,0.007258121393459996,1180
A01061,16,4,12.0,5.0,0.007014178806339268,1181
A00474,15,5,10.0,5.0,0.006975398435236164,1182
A01046,15,5,10.0,5.0,0.006975398435236164,1183
A00781,12,4,8.0,4.0,0.0069451829378794315,1184
A00668,11,4,7.0,4.0,0.0063121307685682455,1185
A00602,13,2,11.0,2.0,0.005728841729928685,1186
A00157,11,3,8.0,3.0,0.004586640572489815,1187
A00050,14,3,12.0,3.0,0.004541826226052717,1188
A00151,14,4,10.0,4.0,0.004073482726423903,1189
A00863,12,4,8.0,4.0,0.0037681994414491397,1190
A00127,17,5,12.0,5.0,0.003529612210144766,1191
A00559,19,5,14.0,5.0,0.003501587301587302,1192
A00761,9,1,8.0,1.0,0.0033532381176619897,1193
A00722,14,3,11.0,3.0,0.002873567977915804,1194
A00489,11,4,7.0,4.0,0.0027162349294085823,1195
A00091,15,4,11.0,4.0,0.002457142857142857,1196
A00770,14,4,10.0,4.0,0.0017757740358500813,1197
A00506,16,4,12.0,4.0,0.0012793650793650794,1198
A00321,14,3,13.0,4.0,0.0007238095238095238,1199
A00674,15,4,11.0,4.0,0.0007238095238095238,1200
