Document_ID,Customer_ID,Document_Type,Document_Date,Image_Quality_Score,OCR_Confidence,Fields_Extracted,Expected_Fields,File_Size_KB,Status
DOC0000001,C000063,Rekening Koran,2026-02-12,0.95,0.985,8,11,3699,INVALID
DOC0000002,C000533,KTP,2026-02-20,0.758,0.98,9,8,4127,VALID
DOC0000003,C000315,Rekening Koran,2024-08-15,0.745,0.98,5,10,3526,NEEDS_REVIEW
DOC0000004,C000248,Form Aplikasi,2025-05-12,0.809,0.882,4,9,839,VALID
DOC0000005,C000645,Form Aplikasi,2026-01-14,0.799,0.845,10,7,2357,VALID
DOC0000006,C000091,Slip Gaji,2025-09-21,0.938,0.969,9,6,1616,INVALID
DOC0000007,C000305,Slip Gaji,2026-03-15,0.886,0.98,10,7,4040,INVALID
DOC0000008,C000006,NPWP,2025-05-20,0.685,0.884,8,6,767,VALID
DOC0000009,C000308,Rekening Koran,2025-10-30,0.658,0.883,8,9,525,VALID
DOC0000010,C000391,KTP,2026-09-19,0.805,0.979,10,6,1230,VALID
DOC0000011,C000599,Slip Gaji,2024-10-08,0.943,0.876,11,9,2093,INVALID
DOC0000012,C000285,KTP,2025-11-27,0.816,0.879,7,10,873,VALID
DOC0000013,C000656,Surat Kerja,2024-06-01,0.94,0.902,9,9,3067,VALID
DOC0000014,C000253,KTP,2025-04-02,0.74,0.942,6,10,4848,VALID
DOC0000015,C000183,Rekening Koran,2025-12-17,0.835,0.834,5,8,3543,VALID
DOC0000016,C000142,Rekening Koran,2025-05-07,0.789,0.794,9,9,2205,VALID
DOC0000017,C000099,NPWP,2025-08-07,0.737,0.924,0,7,2510,VALID
DOC0000018,C000462,KTP,2024-05-24,0.717,0.859,11,9,2279,VALID
DOC0000019,C000243,KTP,2024-03-05,0.684,0.829,4,7,2474,VALID
DOC0000020,C000309,Rekening Koran,2026-07-26,0.604,0.931,8,9,4260,VALID
DOC0000021,C000307,Surat Kerja,2024-11-11,0.879,0.897,4,9,3387,VALID
DOC0000022,C000171,Surat Kerja,2025-10-21,0.876,0.989,11,7,1243,VALID
DOC0000023,C000027,Slip Gaji,2024-07-21,0.761,0.977,11,9,1511,VALID
DOC0000024,C000633,Form Aplikasi,2024-09-12,0.914,0.874,11,11,825,VALID
DOC0000025,C000624,Form Aplikasi,2024-01-23,0.846,0.933,10,8,3335,VALID
DOC0000026,C000620,Surat Kerja,2024-04-04,0.882,0.812,4,6,412,VALID
DOC0000027,C000581,KTP,2026-09-25,1.0,0.821,10,7,4861,VALID
DOC0000028,C000304,KTP,2024-05-23,1.0,0.917,11,6,1538,VALID
DOC0000029,C000354,NPWP,2024-03-25,0.755,0.883,9,10,724,VALID
DOC0000030,C000397,Slip Gaji,2026-07-16,0.821,0.99,6,11,2643,NEEDS_REVIEW
DOC0000031,C000201,KTP,2025-12-24,0.889,0.924,5,10,2142,NEEDS_REVIEW
DOC0000032,C000117,Form Aplikasi,2025-08-19,0.826,0.793,10,6,3344,INVALID
DOC0000033,C000077,Surat Kerja,2026-07-22,0.602,0.897,10,10,3047,VALID
DOC0000034,C000084,Rekening Koran,2025-01-09,0.849,0.769,8,7,1401,VALID
DOC0000035,C000166,Surat Kerja,2024-12-23,1.0,0.816,5,7,4137,VALID
DOC0000036,C000646,Form Aplikasi,2024-05-23,0.912,0.88,7,6,2738,VALID
DOC0000037,C000015,KTP,2026-03-14,0.793,0.948,7,10,1644,VALID
DOC0000038,C000515,Form Aplikasi,2026-05-25,0.898,0.902,9,9,4748,VALID
DOC0000039,C000291,Slip Gaji,2024-04-16,0.891,0.821,4,8,4630,VALID
DOC0000040,C000586,Form Aplikasi,2026-04-23,0.727,0.872,9,9,3112,VALID
DOC0000041,C000545,Rekening Koran,2026-02-23,0.878,1.0,7,10,3226,VALID
DOC0000042,C000043,Rekening Koran,2024-05-19,0.899,1.0,8,8,3705,VALID
DOC0000043,C000229,Surat Kerja,2026-05-04,0.82,1.0,7,10,1695,VALID
DOC0000044,C000672,NPWP,2026-04-28,0.959,0.886,4,7,949,VALID
DOC0000045,C000514,Surat Kerja,2025-09-13,0.837,1.0,9,9,495,NEEDS_REVIEW
DOC0000046,C000506,Form Aplikasi,2024-05-17,0.798,1.0,11,10,4662,VALID
DOC0000047,C000662,NPWP,2024-01-08,0.779,0.935,8,8,2372,VALID
DOC0000048,C000509,Surat Kerja,2026-02-02,1.0,0.745,10,6,3946,VALID
DOC0000049,C000082,NPWP,2025-12-31,0.962,0.864,6,10,4499,VALID
DOC0000050,C000444,Slip Gaji,2024-09-27,0.842,0.898,4,11,2810,VALID
DOC0000051,C000307,Surat Kerja,2025-09-04,0.771,0.844,7,6,1931,NEEDS_REVIEW
DOC0000052,C000004,Form Aplikasi,2025-12-18,0.926,1.0,4,6,2432,VALID
DOC0000053,C000412,KTP,2026-08-26,1.0,0.782,7,7,2256,VALID
DOC0000054,C000361,Surat Kerja,2026-07-07,0.69,0.725,9,7,3907,VALID
DOC0000055,C000585,Form Aplikasi,2025-11-11,0.781,0.921,11,11,222,VALID
DOC0000056,C000317,Surat Kerja,2024-05-23,0.958,0.879,11,6,106,VALID
DOC0000057,C000004,NPWP,2024-09-01,0.704,0.791,4,10,4020,NEEDS_REVIEW
DOC0000058,C000085,Surat Kerja,2026-02-11,1.0,0.904,9,9,2736,VALID
DOC0000059,C000521,Form Aplikasi,2024-01-16,0.789,0.792,6,6,3572,NEEDS_REVIEW
DOC0000060,C000524,KTP,2025-09-03,0.735,0.948,7,10,2104,VALID
DOC0000061,C000122,KTP,2024-09-11,0.732,0.858,9,11,2896,VALID
DOC0000062,C000174,Slip Gaji,2026-08-04,0.683,0.995,7,11,856,VALID
DOC0000063,C000104,Rekening Koran,2026-08-05,1.0,1.0,6,6,1579,VALID
DOC0000064,C000550,NPWP,2025-09-02,0.898,0.843,11,9,3039,VALID
DOC0000065,C000222,Rekening Koran,2024-12-16,1.0,0.998,8,9,3533,VALID
DOC0000066,C000411,Slip Gaji,2025-10-14,0.819,0.995,8,9,2669,VALID
DOC0000067,C000253,Surat Kerja,2026-01-03,0.871,0.956,8,7,4015,VALID
DOC0000068,C000363,Rekening Koran,2026-04-17,0.933,0.963,10,6,462,VALID
DOC0000069,C000197,KTP,2025-03-12,0.972,0.763,0,10,3554,VALID
DOC0000070,C000599,KTP,2025-05-16,0.774,0.79,11,6,4977,VALID
DOC0000071,C000297,Surat Kerja,2024-11-06,0.673,0.886,6,6,3400,VALID
DOC0000072,C000147,KTP,2026-08-16,0.777,0.982,8,7,4208,NEEDS_REVIEW
DOC0000073,C000456,Rekening Koran,2024-05-21,0.807,1.0,4,8,2440,VALID
DOC0000074,C000329,KTP,2024-07-11,0.806,0.946,6,7,2491,VALID
DOC0000075,C000506,KTP,2025-05-08,0.658,0.844,8,9,2081,VALID
DOC0000076,C000469,KTP,2026-07-20,0.739,0.967,10,7,2454,VALID
DOC0000077,C000482,Rekening Koran,2026-05-02,0.823,0.85,7,8,2947,VALID
DOC0000078,C000349,KTP,2025-01-26,0.852,0.937,5,6,1747,VALID
DOC0000079,C000182,Form Aplikasi,2024-01-25,0.926,0.925,8,6,2124,VALID
DOC0000080,C000195,NPWP,2026-09-11,0.685,1.0,10,9,4524,VALID
DOC0000081,C000200,Surat Kerja,2026-08-21,0.731,0.967,10,8,3276,VALID
DOC0000082,C000387,Form Aplikasi,2026-08-28,0.713,0.93,9,9,1784,VALID
DOC0000083,C000209,Surat Kerja,2024-02-10,0.798,0.975,6,11,1270,INVALID
DOC0000084,C000288,KTP,2025-03-20,0.785,0.859,10,7,261,VALID
DOC0000085,C000667,KTP,2024-02-18,0.888,0.796,4,11,3720,INVALID
DOC0000086,C000517,KTP,2025-03-19,0.786,1.0,4,11,2611,VALID
DOC0000087,C000371,Rekening Koran,2024-01-30,0.811,1.0,7,11,2659,INVALID
DOC0000088,C000244,Slip Gaji,2025-07-03,0.628,0.885,11,11,1002,VALID
DOC0000089,C000472,Surat Kerja,2024-12-07,0.944,1.0,10,8,2708,VALID
DOC0000090,C000096,Form Aplikasi,2025-05-10,0.708,0.772,11,7,2524,VALID
DOC0000091,C000073,KTP,2024-12-31,0.93,0.936,11,9,4413,VALID
DOC0000092,C000240,Form Aplikasi,2024-12-12,0.858,0.838,11,8,1236,VALID
DOC0000093,C000623,Rekening Koran,2026-06-28,0.552,0.973,4,7,4284,VALID
DOC0000094,C000169,KTP,2025-08-08,1.0,0.944,10,9,2236,VALID
DOC0000095,C000665,NPWP,2026-09-21,0.808,0.872,6,6,2181,NEEDS_REVIEW
DOC0000096,C000457,Rekening Koran,2026-01-09,0.831,0.986,4,7,282,VALID
DOC0000097,C000400,Rekening Koran,2024-03-06,0.836,0.999,0,11,629,VALID
DOC0000098,C000544,Surat Kerja,2024-03-01,0.751,0.955,5,8,825,VALID
DOC0000099,C000002,Form Aplikasi,2024-01-30,0.859,0.893,6,8,2202,INVALID
DOC0000100,C000327,Slip Gaji,2026-04-21,0.995,0.728,10,10,1720,VALID
DOC0000101,C000160,Form Aplikasi,2024-07-10,0.723,0.82,5,9,313,VALID
DOC0000102,C000015,KTP,2026-07-07,0.953,0.975,9,9,2419,VALID
DOC0000103,C000169,NPWP,2025-06-17,0.637,0.918,8,8,880,VALID
DOC0000104,C000696,Slip Gaji,2026-05-05,0.824,0.829,11,11,470,INVALID
DOC0000105,C000253,Slip Gaji,2025-05-30,0.937,0.945,7,9,1642,VALID
DOC0000106,C000603,Slip Gaji,2024-01-30,0.87,0.866,10,10,1563,VALID
DOC0000107,C000517,Form Aplikasi,2025-11-01,1.0,0.911,9,6,930,VALID
DOC0000108,C000085,KTP,2026-09-18,0.85,1.0,7,6,2897,NEEDS_REVIEW
DOC0000109,C000628,Rekening Koran,2025-03-23,0.73,0.898,0,9,729,VALID
DOC0000110,C000207,Surat Kerja,2026-04-27,0.845,0.99,10,11,1328,VALID
DOC0000111,C000130,Slip Gaji,2025-07-07,0.906,1.0,6,10,3610,VALID
DOC0000112,C000688,Rekening Koran,2025-03-04,0.836,0.864,7,11,542,NEEDS_REVIEW
DOC0000113,C000460,Surat Kerja,2025-01-30,0.893,0.819,9,7,4605,NEEDS_REVIEW
DOC0000114,C000601,Slip Gaji,2025-10-07,0.606,0.761,7,8,2623,VALID
DOC0000115,C000457,Surat Kerja,2026-01-01,1.0,0.82,9,11,4317,VALID
DOC0000116,C000558,Slip Gaji,2026-09-15,1.0,0.883,7,10,3619,NEEDS_REVIEW
DOC0000117,C000440,Slip Gaji,2025-01-29,1.0,0.978,4,9,2912,VALID
DOC0000118,C000654,KTP,2024-11-28,0.864,0.932,5,7,3448,VALID
DOC0000119,C000017,Slip Gaji,2026-08-12,0.687,0.905,6,7,2432,VALID
DOC0000120,C000142,Rekening Koran,2024-01-09,0.79,0.906,0,8,522,VALID
DOC0000121,C000671,Rekening Koran,2024-11-08,0.625,0.909,10,7,4393,NEEDS_REVIEW
DOC0000122,C000074,Form Aplikasi,2026-09-11,0.719,0.823,11,7,1174,VALID
DOC0000123,C000387,Surat Kerja,2024-03-22,0.76,0.865,6,8,868,INVALID
DOC0000124,C000263,Surat Kerja,2025-08-07,0.917,0.787,4,10,228,VALID
DOC0000125,C000540,Form Aplikasi,2025-01-19,1.0,0.892,6,7,4244,VALID
DOC0000126,C000455,Rekening Koran,2025-02-17,0.785,0.989,8,11,3755,VALID
DOC0000127,C000238,Slip Gaji,2024-03-15,0.634,0.885,11,6,3904,VALID
DOC0000128,C000198,Rekening Koran,2025-05-05,0.91,0.891,6,6,977,VALID
DOC0000129,C000666,Form Aplikasi,2024-06-13,0.897,0.957,6,11,227,VALID
DOC0000130,C000110,Slip Gaji,2026-07-05,0.919,1.0,8,9,3329,NEEDS_REVIEW
DOC0000131,C000131,Surat Kerja,2026-04-08,0.422,0.772,11,10,1759,VALID
DOC0000132,C000652,Surat Kerja,2024-12-08,1.0,0.91,10,7,1116,VALID
DOC0000133,C000646,NPWP,2026-05-28,0.856,0.801,4,8,2334,VALID
DOC0000134,C000304,NPWP,2024-06-01,0.887,0.959,7,10,3620,VALID
DOC0000135,C000323,NPWP,2025-07-09,0.913,0.947,5,6,3416,INVALID
DOC0000136,C000408,Rekening Koran,2024-02-10,0.9,0.886,5,7,1857,VALID
DOC0000137,C000663,Surat Kerja,2025-08-12,0.847,0.938,8,10,4542,VALID
DOC0000138,C000133,Slip Gaji,2025-10-09,0.81,0.961,10,6,1678,VALID
DOC0000139,C000467,NPWP,2024-06-11,0.905,0.811,10,11,4314,VALID
DOC0000140,C000639,KTP,2025-10-29,0.827,0.883,6,10,4578,VALID
DOC0000141,C000637,Rekening Koran,2026-01-15,0.607,0.881,6,7,3157,VALID
DOC0000142,C000502,Slip Gaji,2026-09-03,0.8,0.949,9,11,4815,VALID
DOC0000143,C000427,Form Aplikasi,2025-12-05,0.941,0.834,7,8,3190,VALID
DOC0000144,C000566,Form Aplikasi,2024-09-01,0.925,0.834,4,10,4983,VALID
DOC0000145,C000535,Rekening Koran,2025-09-25,0.695,1.0,6,7,1348,VALID
DOC0000146,C000254,Slip Gaji,2025-02-13,0.805,1.0,6,6,272,INVALID
DOC0000147,C000235,Surat Kerja,2024-04-25,0.851,0.894,7,8,4993,VALID
DOC0000148,C000662,Rekening Koran,2024-06-02,1.0,0.863,9,6,4697,INVALID
DOC0000149,C000097,Slip Gaji,2025-12-11,0.873,0.877,10,9,947,VALID
DOC0000150,C000354,Rekening Koran,2025-07-06,0.955,0.924,4,11,236,VALID
DOC0000151,C000362,Surat Kerja,2024-06-26,0.977,1.0,7,7,332,VALID
DOC0000152,C000534,Surat Kerja,2024-12-19,0.697,0.846,7,7,1237,INVALID
DOC0000153,C000524,Rekening Koran,2026-07-04,0.831,0.918,4,7,835,VALID
DOC0000154,C000197,KTP,2024-03-08,0.86,0.85,4,6,1743,INVALID
DOC0000155,C000456,KTP,2025-07-07,0.831,0.742,8,8,4110,VALID
DOC0000156,C000296,Surat Kerja,2025-01-29,0.867,0.913,8,10,3594,VALID
DOC0000157,C000325,Slip Gaji,2026-01-29,0.795,0.911,4,8,947,VALID
DOC0000158,C000031,Slip Gaji,2026-04-03,0.976,0.932,5,8,4595,NEEDS_REVIEW
DOC0000159,C000275,Form Aplikasi,2025-04-18,0.566,0.797,9,11,1502,VALID
DOC0000160,C000005,Rekening Koran,2025-07-20,1.0,1.0,0,9,323,VALID
DOC0000161,C000261,Slip Gaji,2025-05-01,0.74,0.903,6,9,856,VALID
DOC0000162,C000270,Rekening Koran,2026-04-24,0.702,0.978,4,8,85,VALID
DOC0000163,C000419,NPWP,2026-06-13,0.934,0.899,10,8,4215,VALID
DOC0000164,C000654,Slip Gaji,2024-01-27,1.0,0.812,5,11,567,VALID
DOC0000165,C000074,KTP,2025-02-26,0.848,0.858,6,8,1281,VALID
DOC0000166,C000039,Slip Gaji,2024-02-02,0.966,0.871,11,10,571,VALID
DOC0000167,C000036,NPWP,2024-04-25,0.717,1.0,4,10,3484,NEEDS_REVIEW
DOC0000168,C000368,KTP,2024-03-27,0.923,0.968,8,11,4046,VALID
DOC0000169,C000561,Rekening Koran,2026-09-05,0.87,0.936,7,6,3300,VALID
DOC0000170,C000225,KTP,2025-10-28,1.0,0.83,7,8,2203,VALID
DOC0000171,C000265,Form Aplikasi,2026-07-15,0.839,0.785,11,9,1967,VALID
DOC0000172,C000323,Rekening Koran,2025-06-16,0.785,0.972,4,7,897,VALID
DOC0000173,C000677,Slip Gaji,2025-01-24,0.806,0.906,8,10,4855,VALID
DOC0000174,C000649,NPWP,2024-04-13,1.0,1.0,11,11,2928,VALID
DOC0000175,C000432,Surat Kerja,2024-02-08,0.904,0.893,5,11,1258,VALID
DOC0000176,C000347,KTP,2026-09-15,0.89,0.804,6,11,2860,VALID
DOC0000177,C000470,Surat Kerja,2024-06-09,0.604,0.931,4,11,3976,VALID
DOC0000178,C000599,NPWP,2025-05-20,0.866,0.743,7,7,2856,NEEDS_REVIEW
DOC0000179,C000510,Rekening Koran,2025-08-30,0.527,0.882,11,10,1168,VALID
DOC0000180,C000586,Slip Gaji,2025-05-21,1.0,0.894,7,8,3475,VALID
DOC0000181,C000439,Slip Gaji,2025-10-30,0.672,0.928,11,9,4662,VALID
DOC0000182,C000150,KTP,2024-07-17,0.635,0.824,7,7,4060,NEEDS_REVIEW
DOC0000183,C000172,NPWP,2024-03-21,1.0,0.893,5,8,1873,VALID
DOC0000184,C000026,Form Aplikasi,2025-06-29,1.0,0.936,6,9,4522,VALID
DOC0000185,C000218,Surat Kerja,2026-07-24,0.902,1.0,9,9,420,VALID
DOC0000186,C000641,Slip Gaji,2024-10-15,0.815,0.983,6,10,1011,VALID
DOC0000187,C000139,KTP,2026-08-22,1.0,0.987,5,11,3126,NEEDS_REVIEW
DOC0000188,C000589,KTP,2026-08-23,0.904,0.954,11,7,4861,VALID
DOC0000189,C000535,Rekening Koran,2025-04-27,0.84,0.77,4,6,3641,VALID
DOC0000190,C000055,Rekening Koran,2024-11-11,0.779,1.0,0,6,4312,NEEDS_REVIEW
DOC0000191,C000144,Slip Gaji,2024-02-10,0.838,0.956,5,9,321,VALID
DOC0000192,C000653,KTP,2024-03-04,0.943,0.93,9,9,3998,INVALID
DOC0000193,C000142,NPWP,2024-04-22,0.672,1.0,4,8,1191,VALID
DOC0000194,C000435,Slip Gaji,2026-08-03,0.834,0.893,8,7,993,VALID
DOC0000195,C000457,Rekening Koran,2025-12-16,0.971,0.962,11,10,1004,VALID
DOC0000196,C000412,Rekening Koran,2025-05-12,0.85,0.875,4,8,2601,VALID
DOC0000197,C000335,KTP,2025-09-03,0.693,1.0,4,9,4908,VALID
DOC0000198,C000346,Rekening Koran,2026-06-15,0.821,0.951,9,10,4524,VALID
DOC0000199,C000300,Form Aplikasi,2026-02-17,0.871,1.0,9,11,4806,VALID
DOC0000200,C000419,Surat Kerja,2025-03-01,0.865,0.807,8,7,3022,VALID
DOC0000201,C000521,KTP,2026-01-02,0.858,0.729,6,9,624,NEEDS_REVIEW
DOC0000202,C000561,KTP,2024-06-03,0.914,0.955,9,10,913,VALID
DOC0000203,C000496,Slip Gaji,2024-09-05,0.695,0.936,6,8,706,VALID
DOC0000204,C000580,KTP,2025-12-06,0.728,0.936,4,10,1093,INVALID
DOC0000205,C000314,Slip Gaji,2024-12-09,1.0,0.936,7,10,1265,VALID
DOC0000206,C000123,Slip Gaji,2024-11-09,0.868,0.954,10,8,4511,VALID
DOC0000207,C000165,Form Aplikasi,2025-09-15,1.0,0.885,11,8,3098,NEEDS_REVIEW
DOC0000208,C000582,Surat Kerja,2026-06-27,0.989,1.0,0,9,2427,VALID
DOC0000209,C000344,Rekening Koran,2025-02-11,0.978,0.817,9,7,1048,INVALID
DOC0000210,C000555,Form Aplikasi,2024-05-08,1.0,0.889,7,10,1398,VALID
DOC0000211,C000440,Slip Gaji,2026-07-27,0.764,0.954,5,7,3753,NEEDS_REVIEW
DOC0000212,C000041,Rekening Koran,2026-01-09,0.695,0.86,5,7,4074,VALID
DOC0000213,C000645,KTP,2026-07-02,0.762,0.818,11,7,1763,VALID
DOC0000214,C000675,Rekening Koran,2025-08-31,0.67,0.912,10,9,1941,INVALID
DOC0000215,C000588,KTP,2024-08-01,0.983,0.733,0,7,1103,VALID
DOC0000216,C000510,KTP,2026-03-20,0.846,0.78,5,7,930,VALID
DOC0000217,C000137,Rekening Koran,2024-05-14,0.691,0.896,11,6,2106,VALID
DOC0000218,C000170,Slip Gaji,2026-07-12,0.732,0.906,7,8,724,VALID
DOC0000219,C000141,Rekening Koran,2025-06-22,0.921,0.926,10,9,1388,VALID
DOC0000220,C000083,KTP,2024-09-11,0.779,0.953,7,11,3189,VALID
DOC0000221,C000280,KTP,2025-01-27,0.866,0.971,11,9,4266,INVALID
DOC0000222,C000051,KTP,2024-08-15,0.989,0.812,8,10,3044,INVALID
DOC0000223,C000090,Form Aplikasi,2024-07-06,0.648,0.988,8,11,3744,INVALID
DOC0000224,C000113,Slip Gaji,2026-01-19,0.938,0.791,9,9,2565,VALID
DOC0000225,C000408,Surat Kerja,2024-10-16,0.799,1.0,9,7,2653,VALID
DOC0000226,C000236,Form Aplikasi,2026-03-06,0.95,0.92,7,8,1829,VALID
DOC0000227,C000447,Form Aplikasi,2024-04-07,0.776,0.928,6,9,3955,VALID
DOC0000228,C000427,Form Aplikasi,2026-09-06,0.914,0.892,5,9,1527,INVALID
DOC0000229,C000461,KTP,2025-08-28,0.68,0.828,7,8,351,VALID
DOC0000230,C000572,KTP,2026-05-15,0.843,0.98,0,8,3768,VALID
DOC0000231,C000367,Surat Kerja,2026-05-16,0.881,0.81,7,10,4011,VALID
DOC0000232,C000172,KTP,2025-01-06,0.725,0.871,9,11,2695,VALID
DOC0000233,C000087,NPWP,2025-03-25,0.983,0.897,4,8,4859,VALID
DOC0000234,C000405,Form Aplikasi,2026-04-07,0.875,0.863,5,7,1121,VALID
DOC0000235,C000131,KTP,2024-04-30,1.0,1.0,8,10,3695,VALID
DOC0000236,C000406,NPWP,2026-07-27,0.849,0.908,9,8,2281,VALID
DOC0000237,C000118,KTP,2025-04-12,0.762,0.919,10,7,4013,VALID
DOC0000238,C000589,Surat Kerja,2024-07-25,0.767,0.864,6,10,1145,VALID
DOC0000239,C000455,Slip Gaji,2026-06-28,0.792,0.998,6,9,2270,VALID
DOC0000240,C000427,KTP,2025-09-01,0.719,0.848,4,10,2278,VALID
DOC0000241,C000305,Slip Gaji,2024-03-27,0.75,1.0,10,10,2362,VALID
DOC0000242,C000382,Rekening Koran,2026-07-18,1.0,1.0,7,11,2680,VALID
DOC0000243,C000699,KTP,2026-01-07,0.871,0.715,6,8,2822,NEEDS_REVIEW
DOC0000244,C000328,Rekening Koran,2025-08-10,0.896,0.991,4,9,2205,VALID
DOC0000245,C000377,KTP,2026-01-03,0.821,0.898,11,7,2056,VALID
DOC0000246,C000439,NPWP,2024-09-06,0.811,0.917,11,11,2541,VALID
DOC0000247,C000344,Form Aplikasi,2026-04-29,0.623,0.932,9,7,3222,NEEDS_REVIEW
DOC0000248,C000408,Form Aplikasi,2025-02-05,0.918,0.889,11,7,1082,VALID
DOC0000249,C000468,Slip Gaji,2026-04-12,0.963,1.0,11,11,2942,VALID
DOC0000250,C000559,Slip Gaji,2025-07-29,0.91,0.956,9,8,2088,VALID
DOC0000251,C000565,Slip Gaji,2024-11-29,0.861,0.98,11,8,357,VALID
DOC0000252,C000160,Rekening Koran,2024-09-12,0.814,0.963,9,11,1433,VALID
DOC0000253,C000008,NPWP,2024-02-24,0.84,0.993,8,9,1206,VALID
DOC0000254,C000311,KTP,2025-07-02,0.983,0.933,0,7,3002,VALID
DOC0000255,C000632,KTP,2024-07-15,0.965,0.865,8,11,4769,VALID
DOC0000256,C000392,Rekening Koran,2024-10-27,1.0,0.78,0,6,1812,VALID
DOC0000257,C000251,Rekening Koran,2024-01-19,0.892,0.825,8,10,1170,VALID
DOC0000258,C000498,Rekening Koran,2026-05-14,0.724,0.738,0,7,2909,VALID
DOC0000259,C000318,KTP,2025-08-31,0.731,0.866,11,9,167,NEEDS_REVIEW
DOC0000260,C000363,KTP,2026-08-09,0.878,0.872,5,11,1021,VALID
DOC0000261,C000385,Surat Kerja,2025-09-30,1.0,0.666,8,9,835,VALID
DOC0000262,C000496,Surat Kerja,2024-03-16,0.629,1.0,8,7,4645,VALID
DOC0000263,C000678,Slip Gaji,2025-08-16,0.948,0.772,11,9,3692,VALID
DOC0000264,C000662,Slip Gaji,2026-05-09,0.721,0.856,7,11,690,VALID
DOC0000265,C000181,Form Aplikasi,2026-05-07,0.814,0.766,6,7,430,VALID
DOC0000266,C000528,Slip Gaji,2026-01-23,0.647,0.858,6,11,253,NEEDS_REVIEW
DOC0000267,C000313,NPWP,2024-10-09,0.79,0.923,5,7,831,VALID
DOC0000268,C000093,Slip Gaji,2024-02-17,0.849,0.876,8,9,1402,VALID
DOC0000269,C000196,NPWP,2025-02-17,0.699,0.972,4,8,1301,VALID
DOC0000270,C000227,Surat Kerja,2025-01-29,0.864,0.89,5,6,3191,VALID
DOC0000271,C000361,Rekening Koran,2024-11-20,0.697,0.941,4,11,3038,VALID
DOC0000272,C000632,Surat Kerja,2024-10-11,0.849,0.868,9,6,1882,VALID
DOC0000273,C000312,KTP,2024-03-18,0.691,1.0,0,8,586,VALID
DOC0000274,C000590,Rekening Koran,2024-07-26,1.0,0.963,4,10,4731,VALID
DOC0000275,C000552,KTP,2025-05-19,0.93,0.948,11,11,4871,VALID
DOC0000276,C000181,Form Aplikasi,2026-05-12,0.683,0.955,7,7,2691,NEEDS_REVIEW
DOC0000277,C000159,Slip Gaji,2024-07-05,0.812,0.919,9,10,2354,VALID
DOC0000278,C000127,Slip Gaji,2025-04-05,0.971,0.963,7,9,1857,INVALID
DOC0000279,C000039,Slip Gaji,2025-07-25,0.872,0.82,0,9,2513,VALID
DOC0000280,C000666,Surat Kerja,2024-08-26,0.866,0.957,5,9,823,VALID
DOC0000281,C000497,Form Aplikasi,2026-04-05,1.0,0.932,8,10,955,VALID
DOC0000282,C000244,Form Aplikasi,2024-01-15,0.836,0.883,10,7,1731,VALID
DOC0000283,C000192,Slip Gaji,2026-09-07,0.706,0.907,6,8,1693,VALID
DOC0000284,C000423,Slip Gaji,2024-01-26,0.879,0.992,4,9,4010,VALID
DOC0000285,C000372,Surat Kerja,2024-06-18,0.883,0.96,7,6,3853,INVALID
DOC0000286,C000535,Form Aplikasi,2024-11-04,0.643,1.0,4,6,1440,VALID
DOC0000287,C000459,Surat Kerja,2024-12-14,0.799,1.0,4,10,1437,VALID
DOC0000288,C000596,Rekening Koran,2024-02-12,0.884,0.949,4,11,990,NEEDS_REVIEW
DOC0000289,C000189,Rekening Koran,2025-04-12,0.927,0.914,6,8,2553,VALID
DOC0000290,C000536,Rekening Koran,2024-12-17,0.911,0.995,9,11,117,NEEDS_REVIEW
DOC0000291,C000549,Surat Kerja,2024-08-14,0.818,0.93,10,7,2954,VALID
DOC0000292,C000117,KTP,2026-07-18,0.907,0.852,0,8,3021,INVALID
DOC0000293,C000009,Rekening Koran,2024-03-08,0.852,0.969,7,11,1365,VALID
DOC0000294,C000626,Slip Gaji,2025-04-15,0.763,0.964,5,10,592,NEEDS_REVIEW
DOC0000295,C000535,Form Aplikasi,2025-03-31,0.936,0.958,11,6,2955,NEEDS_REVIEW
DOC0000296,C000650,Slip Gaji,2024-11-03,0.758,0.824,5,9,4500,VALID
DOC0000297,C000334,KTP,2025-12-06,0.932,0.88,8,9,2272,NEEDS_REVIEW
DOC0000298,C000066,Surat Kerja,2026-07-27,0.862,0.9,6,11,2722,VALID
DOC0000299,C000585,Slip Gaji,2024-03-01,0.864,0.924,9,7,1591,VALID
DOC0000300,C000439,Slip Gaji,2024-10-16,0.795,0.896,8,7,4833,VALID
DOC0000301,C000086,Surat Kerja,2026-06-28,0.933,0.875,8,11,4018,VALID
DOC0000302,C000321,Rekening Koran,2024-03-21,0.862,0.911,9,11,4357,VALID
DOC0000303,C000648,Surat Kerja,2025-09-04,0.765,0.822,0,6,2816,VALID
DOC0000304,C000109,NPWP,2026-05-10,0.918,0.824,9,10,1602,VALID
DOC0000305,C000143,Form Aplikasi,2024-07-13,0.849,0.838,11,6,3564,VALID
DOC0000306,C000151,Slip Gaji,2024-11-03,0.786,0.783,0,11,103,VALID
DOC0000307,C000691,Surat Kerja,2026-08-06,0.941,0.719,4,7,3949,VALID
DOC0000308,C000365,NPWP,2025-01-27,0.926,0.72,7,6,969,VALID
DOC0000309,C000104,KTP,2024-10-14,0.834,0.762,10,6,4768,VALID
DOC0000310,C000047,KTP,2024-05-02,0.875,0.665,5,6,2902,VALID
DOC0000311,C000582,Slip Gaji,2025-08-03,0.993,0.932,4,10,1115,VALID
DOC0000312,C000607,Rekening Koran,2025-05-31,0.67,0.946,0,10,4746,VALID
DOC0000313,C000202,KTP,2024-10-27,1.0,0.85,4,11,356,INVALID
DOC0000314,C000514,Rekening Koran,2024-08-22,0.904,0.871,4,9,4455,VALID
DOC0000315,C000692,Surat Kerja,2024-04-22,0.894,1.0,9,11,3451,VALID
DOC0000316,C000579,Slip Gaji,2025-02-22,0.828,0.944,9,7,3847,VALID
DOC0000317,C000176,KTP,2025-03-27,0.594,1.0,9,11,4250,VALID
DOC0000318,C000306,KTP,2024-05-30,0.801,0.917,6,6,1730,VALID
DOC0000319,C000523,NPWP,2024-11-02,0.837,0.746,0,9,1049,VALID
DOC0000320,C000693,KTP,2024-08-09,1.0,0.97,10,10,3785,NEEDS_REVIEW
DOC0000321,C000273,Slip Gaji,2026-03-16,0.878,0.936,8,11,2733,NEEDS_REVIEW
DOC0000322,C000477,Rekening Koran,2025-01-24,0.918,1.0,5,11,2675,VALID
DOC0000323,C000595,KTP,2026-07-20,0.831,0.901,5,11,4649,VALID
DOC0000324,C000508,Surat Kerja,2026-06-10,0.865,0.903,9,11,2963,VALID
DOC0000325,C000645,Form Aplikasi,2025-11-28,0.667,0.963,9,10,1949,VALID
DOC0000326,C000698,Slip Gaji,2024-02-28,0.897,0.839,4,8,2069,VALID
DOC0000327,C000530,NPWP,2025-08-08,0.978,0.932,10,9,4737,VALID
DOC0000328,C000376,KTP,2025-07-08,0.895,0.882,9,7,524,VALID
DOC0000329,C000128,Surat Kerja,2024-08-09,0.993,1.0,6,8,3657,NEEDS_REVIEW
DOC0000330,C000312,Surat Kerja,2026-02-21,0.826,1.0,0,6,1928,VALID
DOC0000331,C000135,Form Aplikasi,2024-08-13,0.858,1.0,6,6,4093,VALID
DOC0000332,C000585,Surat Kerja,2026-02-11,0.742,0.932,0,11,4622,NEEDS_REVIEW
DOC0000333,C000454,Rekening Koran,2025-06-06,0.949,0.976,5,6,3166,NEEDS_REVIEW
DOC0000334,C000478,Surat Kerja,2025-10-20,0.796,0.878,11,6,2699,VALID
DOC0000335,C000616,Rekening Koran,2025-04-07,0.639,0.757,6,11,1852,VALID
DOC0000336,C000102,Rekening Koran,2026-03-19,0.767,0.875,6,10,3160,NEEDS_REVIEW
DOC0000337,C000304,Form Aplikasi,2024-05-30,0.93,0.837,8,9,3112,VALID
DOC0000338,C000447,KTP,2024-05-23,1.0,0.84,7,7,140,VALID
DOC0000339,C000222,Rekening Koran,2025-05-22,1.0,0.91,7,7,3108,VALID
DOC0000340,C000224,Rekening Koran,2024-11-21,1.0,0.9,6,9,3488,VALID
DOC0000341,C000167,Rekening Koran,2024-09-19,0.918,1.0,4,10,1300,VALID
DOC0000342,C000362,Slip Gaji,2024-03-21,0.788,1.0,11,8,157,VALID
DOC0000343,C000448,Surat Kerja,2026-01-21,0.927,0.773,10,11,4651,NEEDS_REVIEW
DOC0000344,C000086,KTP,2024-12-18,0.644,1.0,4,9,2270,VALID
DOC0000345,C000144,Rekening Koran,2024-06-14,0.925,0.93,10,9,4326,VALID
DOC0000346,C000087,Form Aplikasi,2025-07-22,0.665,0.959,11,8,2103,VALID
DOC0000347,C000366,Surat Kerja,2025-04-01,0.802,0.885,10,7,3950,VALID
DOC0000348,C000466,Form Aplikasi,2024-03-27,0.808,0.743,6,6,2511,VALID
DOC0000349,C000264,Surat Kerja,2026-05-10,0.903,0.914,6,7,2954,VALID
DOC0000350,C000652,Rekening Koran,2025-10-31,0.913,0.765,5,11,485,VALID
DOC0000351,C000583,NPWP,2026-06-06,0.906,0.845,8,7,1307,VALID
DOC0000352,C000576,Surat Kerja,2024-09-21,0.85,0.937,6,10,4417,VALID
DOC0000353,C000645,NPWP,2026-03-09,0.76,1.0,5,10,2016,VALID
DOC0000354,C000521,Form Aplikasi,2026-02-01,0.894,0.757,5,7,4216,VALID
DOC0000355,C000638,Slip Gaji,2025-01-29,0.752,0.831,8,6,3716,VALID
DOC0000356,C000402,NPWP,2024-11-05,0.788,0.879,8,7,2544,VALID
DOC0000357,C000549,Surat Kerja,2026-03-28,0.778,0.855,6,6,504,VALID
DOC0000358,C000408,Surat Kerja,2025-04-30,1.0,0.845,8,6,4747,VALID
DOC0000359,C000043,Form Aplikasi,2026-05-25,1.0,0.884,11,11,4269,VALID
DOC0000360,C000482,Slip Gaji,2025-05-22,0.744,0.833,11,7,1211,VALID
DOC0000361,C000391,Form Aplikasi,2025-10-04,0.733,0.758,11,7,1717,NEEDS_REVIEW
DOC0000362,C000352,KTP,2024-09-08,0.746,0.896,6,10,2098,VALID
DOC0000363,C000178,Surat Kerja,2026-01-10,0.874,0.878,11,6,3561,VALID
DOC0000364,C000209,Slip Gaji,2024-02-27,0.804,0.949,8,7,3556,VALID
DOC0000365,C000692,Surat Kerja,2024-04-03,1.0,0.892,7,10,950,VALID
DOC0000366,C000145,Rekening Koran,2025-06-16,0.831,1.0,10,6,477,NEEDS_REVIEW
DOC0000367,C000284,Form Aplikasi,2026-03-08,0.975,0.95,7,9,3775,VALID
DOC0000368,C000643,Slip Gaji,2024-03-29,0.96,1.0,9,6,4218,NEEDS_REVIEW
DOC0000369,C000199,Surat Kerja,2024-06-10,0.854,0.967,8,8,3307,VALID
DOC0000370,C000454,Slip Gaji,2024-04-02,0.879,0.993,9,7,1808,VALID
DOC0000371,C000533,Surat Kerja,2025-11-22,0.816,0.838,8,11,3571,VALID
DOC0000372,C000053,Form Aplikasi,2026-04-30,1.0,0.873,6,9,3423,VALID
DOC0000373,C000236,Rekening Koran,2026-09-25,0.758,0.962,6,7,3228,VALID
DOC0000374,C000230,KTP,2024-07-26,0.804,0.897,9,8,276,VALID
DOC0000375,C000333,Slip Gaji,2025-07-12,0.989,0.814,10,7,3400,VALID
DOC0000376,C000475,Form Aplikasi,2024-09-02,0.666,0.867,5,10,4077,VALID
DOC0000377,C000091,Rekening Koran,2024-08-09,0.952,0.987,6,9,4770,VALID
DOC0000378,C000455,Slip Gaji,2025-06-27,0.927,0.873,7,10,1287,VALID
DOC0000379,C000260,Slip Gaji,2025-08-10,0.906,0.918,8,8,1444,INVALID
DOC0000380,C000302,Slip Gaji,2026-08-15,0.847,0.847,7,7,3759,VALID
DOC0000381,C000686,Rekening Koran,2025-02-18,0.929,0.859,10,6,4226,VALID
DOC0000382,C000287,Form Aplikasi,2024-01-17,0.873,1.0,4,8,1307,VALID
DOC0000383,C000616,Slip Gaji,2024-08-04,0.81,0.867,0,6,876,VALID
DOC0000384,C000220,Slip Gaji,2025-07-03,0.961,0.787,0,8,4711,VALID
DOC0000385,C000495,KTP,2024-05-06,1.0,1.0,8,11,3687,NEEDS_REVIEW
DOC0000386,C000062,Slip Gaji,2025-03-13,0.741,0.949,11,7,814,NEEDS_REVIEW
DOC0000387,C000338,NPWP,2025-01-14,0.992,0.956,7,9,3094,VALID
DOC0000388,C000493,Rekening Koran,2026-04-02,0.954,0.988,5,7,4283,VALID
DOC0000389,C000195,Form Aplikasi,2025-12-09,0.853,0.92,8,6,912,VALID
DOC0000390,C000413,NPWP,2025-07-31,1.0,0.823,5,11,2850,NEEDS_REVIEW
DOC0000391,C000647,Rekening Koran,2025-10-28,0.779,0.824,9,6,846,VALID
DOC0000392,C000690,Surat Kerja,2024-05-05,0.76,0.942,6,9,4007,NEEDS_REVIEW
DOC0000393,C000455,KTP,2026-05-25,0.921,0.921,10,9,1046,VALID
DOC0000394,C000236,KTP,2026-01-13,0.78,0.857,8,6,1345,VALID
DOC0000395,C000237,Slip Gaji,2024-11-16,0.691,0.992,5,9,1327,NEEDS_REVIEW
DOC0000396,C000090,Rekening Koran,2024-08-05,0.716,0.954,9,9,4385,VALID
DOC0000397,C000580,KTP,2024-10-05,1.0,1.0,7,6,4820,VALID
DOC0000398,C000384,NPWP,2026-07-02,0.783,0.856,8,11,2850,VALID
DOC0000399,C000577,Slip Gaji,2025-10-17,0.964,1.0,9,9,2379,VALID
DOC0000400,C000172,KTP,2024-11-27,0.812,0.85,4,10,3774,VALID
DOC0000401,C000222,Surat Kerja,2026-06-08,1.0,0.944,10,11,1303,VALID
DOC0000402,C000065,Slip Gaji,2024-04-22,0.821,0.709,8,7,1625,VALID
DOC0000403,C000273,Form Aplikasi,2024-09-23,0.708,0.908,7,6,1912,VALID
DOC0000404,C000178,Form Aplikasi,2024-10-28,0.778,1.0,0,7,2918,VALID
DOC0000405,C000445,Form Aplikasi,2024-07-29,0.874,0.935,11,7,2348,VALID
DOC0000406,C000476,Slip Gaji,2026-07-07,0.849,1.0,4,10,3068,VALID
DOC0000407,C000430,NPWP,2024-08-18,0.885,1.0,8,10,2254,VALID
DOC0000408,C000116,Slip Gaji,2026-06-01,0.802,0.849,5,10,403,VALID
DOC0000409,C000314,Form Aplikasi,2024-01-12,0.943,1.0,11,9,1740,VALID
DOC0000410,C000062,Slip Gaji,2025-08-31,0.949,1.0,6,10,4110,VALID
DOC0000411,C000532,Slip Gaji,2025-01-25,0.784,0.995,10,7,4587,INVALID
DOC0000412,C000273,Rekening Koran,2026-08-22,0.908,0.849,8,7,860,NEEDS_REVIEW
DOC0000413,C000119,KTP,2024-02-29,0.759,0.932,9,9,1710,VALID
DOC0000414,C000307,Form Aplikasi,2024-07-05,0.877,0.902,8,9,102,VALID
DOC0000415,C000316,KTP,2025-10-12,0.801,0.926,5,11,1715,VALID
DOC0000416,C000553,KTP,2025-03-30,0.748,0.838,8,10,3686,VALID
DOC0000417,C000660,Form Aplikasi,2025-05-21,0.779,0.885,10,9,4227,VALID
DOC0000418,C000050,Slip Gaji,2026-02-15,0.891,0.945,4,6,1414,VALID
DOC0000419,C000579,Surat Kerja,2024-12-02,0.952,1.0,4,6,3024,VALID
DOC0000420,C000565,KTP,2024-05-03,0.727,0.928,0,10,4586,VALID
DOC0000421,C000543,Form Aplikasi,2026-09-09,0.878,0.988,4,10,1219,VALID
DOC0000422,C000068,KTP,2024-06-22,0.724,1.0,9,9,4924,VALID
DOC0000423,C000239,Form Aplikasi,2024-02-10,0.986,0.904,8,11,3817,VALID
DOC0000424,C000180,KTP,2024-05-26,0.888,1.0,10,6,785,VALID
DOC0000425,C000204,KTP,2024-07-14,0.761,0.81,10,8,1343,VALID
DOC0000426,C000388,KTP,2026-03-23,0.927,0.907,11,10,3275,NEEDS_REVIEW
DOC0000427,C000593,KTP,2025-02-20,0.785,0.868,9,8,937,INVALID
DOC0000428,C000491,NPWP,2026-03-28,0.837,1.0,0,7,448,VALID
DOC0000429,C000232,Surat Kerja,2026-02-27,0.846,1.0,10,11,3411,VALID
DOC0000430,C000207,Rekening Koran,2025-10-10,0.767,1.0,6,6,2610,VALID
DOC0000431,C000115,Form Aplikasi,2025-10-19,0.927,0.964,11,11,2849,NEEDS_REVIEW
DOC0000432,C000550,KTP,2024-10-26,0.988,0.965,8,11,1564,NEEDS_REVIEW
DOC0000433,C000331,Rekening Koran,2024-10-02,0.881,0.96,0,10,512,VALID
DOC0000434,C000071,Rekening Koran,2024-10-24,0.943,0.801,4,6,2427,VALID
DOC0000435,C000045,KTP,2024-08-16,0.87,0.816,11,11,1618,VALID
DOC0000436,C000416,Surat Kerja,2025-02-20,0.81,0.864,8,6,1673,VALID
DOC0000437,C000445,KTP,2025-10-26,0.898,0.992,10,9,229,VALID
DOC0000438,C000440,KTP,2025-12-29,0.982,0.947,8,9,2498,VALID
DOC0000439,C000008,Surat Kerja,2026-08-24,0.661,0.762,0,6,4717,VALID
DOC0000440,C000312,Form Aplikasi,2024-09-12,0.704,0.959,0,7,205,VALID
DOC0000441,C000225,Form Aplikasi,2024-03-12,0.802,0.954,7,7,2468,VALID
DOC0000442,C000045,KTP,2026-08-30,0.758,0.931,0,8,4003,INVALID
DOC0000443,C000495,NPWP,2026-06-06,0.965,0.925,8,9,1177,NEEDS_REVIEW
DOC0000444,C000338,KTP,2024-10-01,0.782,1.0,6,9,2848,VALID
DOC0000445,C000618,Rekening Koran,2024-07-10,1.0,0.871,4,10,2554,VALID
DOC0000446,C000580,NPWP,2026-03-06,0.821,0.896,0,9,651,VALID
DOC0000447,C000017,Rekening Koran,2024-11-24,0.768,0.878,8,10,937,VALID
DOC0000448,C000467,Slip Gaji,2025-11-20,0.981,0.801,6,9,3494,VALID
DOC0000449,C000279,Rekening Koran,2024-05-15,0.926,0.863,4,6,1869,VALID
DOC0000450,C000355,KTP,2024-02-03,0.926,1.0,6,6,4342,NEEDS_REVIEW
DOC0000451,C000465,Slip Gaji,2025-07-10,0.739,0.874,8,8,782,VALID
DOC0000452,C000188,Surat Kerja,2026-05-13,0.964,0.897,11,11,447,VALID
DOC0000453,C000054,NPWP,2025-11-22,0.953,0.983,7,11,325,INVALID
DOC0000454,C000614,Rekening Koran,2026-02-27,0.862,0.907,9,11,739,VALID
DOC0000455,C000377,Slip Gaji,2024-02-24,0.731,0.78,9,6,398,NEEDS_REVIEW
DOC0000456,C000595,Slip Gaji,2024-12-18,0.832,0.931,8,10,504,NEEDS_REVIEW
DOC0000457,C000484,Surat Kerja,2026-07-13,0.763,0.882,7,7,3757,VALID
DOC0000458,C000054,Slip Gaji,2024-11-11,0.88,0.906,6,10,1004,VALID
DOC0000459,C000617,Form Aplikasi,2024-12-30,0.826,0.934,6,7,4695,VALID
DOC0000460,C000575,Rekening Koran,2025-09-26,0.859,0.861,10,7,4692,NEEDS_REVIEW
DOC0000461,C000022,Surat Kerja,2024-01-21,1.0,0.856,0,8,1497,VALID
DOC0000462,C000065,NPWP,2026-03-04,0.799,0.824,10,8,2556,VALID
DOC0000463,C000313,Rekening Koran,2025-03-05,0.752,0.889,11,7,4665,VALID
DOC0000464,C000199,Surat Kerja,2025-03-18,0.678,0.81,5,10,1155,VALID
DOC0000465,C000473,Slip Gaji,2025-01-04,0.855,0.734,5,9,4096,VALID
DOC0000466,C000523,Slip Gaji,2026-01-28,0.973,0.921,7,6,3086,VALID
DOC0000467,C000451,Rekening Koran,2025-04-09,1.0,0.94,6,9,4798,VALID
DOC0000468,C000087,Form Aplikasi,2026-09-14,0.819,0.919,10,7,425,VALID
DOC0000469,C000380,Rekening Koran,2026-03-10,1.0,1.0,8,11,2207,VALID
DOC0000470,C000652,Surat Kerja,2024-06-02,0.977,0.867,0,6,2409,VALID
DOC0000471,C000439,Surat Kerja,2025-12-06,1.0,0.842,5,7,1759,VALID
DOC0000472,C000622,Form Aplikasi,2025-02-25,0.69,0.805,7,11,4988,VALID
DOC0000473,C000171,Form Aplikasi,2026-05-01,0.972,0.786,6,7,274,VALID
DOC0000474,C000559,Form Aplikasi,2025-08-27,0.603,0.892,8,6,4530,VALID
DOC0000475,C000206,Surat Kerja,2026-08-31,0.965,0.997,5,7,965,VALID
DOC0000476,C000533,Slip Gaji,2024-05-20,0.745,0.887,10,8,1342,VALID
DOC0000477,C000109,Surat Kerja,2024-03-14,0.931,0.891,7,11,4506,VALID
DOC0000478,C000560,Rekening Koran,2024-03-01,0.838,0.946,6,7,4045,VALID
DOC0000479,C000183,Form Aplikasi,2024-02-14,0.903,0.886,6,6,100,VALID
DOC0000480,C000351,Form Aplikasi,2025-09-04,0.865,0.885,5,7,1190,VALID
DOC0000481,C000280,NPWP,2024-11-23,0.847,1.0,7,8,1815,VALID
DOC0000482,C000112,Form Aplikasi,2024-05-27,0.973,0.883,10,8,3368,VALID
DOC0000483,C000543,NPWP,2026-06-04,0.828,0.858,10,11,2623,VALID
DOC0000484,C000419,NPWP,2024-09-19,0.718,0.993,10,9,2709,VALID
DOC0000485,C000499,Surat Kerja,2024-01-31,0.761,0.967,6,8,1245,VALID
DOC0000486,C000273,Form Aplikasi,2025-06-24,0.946,0.815,5,10,1642,VALID
DOC0000487,C000351,Rekening Koran,2024-06-07,0.855,0.861,11,11,2426,VALID
DOC0000488,C000623,Slip Gaji,2026-08-27,0.937,1.0,7,6,2913,VALID
DOC0000489,C000591,Slip Gaji,2025-09-02,0.764,0.866,6,7,4631,VALID
DOC0000490,C000400,KTP,2025-12-28,1.0,0.876,7,6,987,VALID
DOC0000491,C000416,Form Aplikasi,2024-12-14,1.0,0.916,0,7,3033,VALID
DOC0000492,C000551,Surat Kerja,2025-06-26,0.937,0.849,0,8,201,VALID
DOC0000493,C000522,Slip Gaji,2026-06-02,0.963,1.0,0,6,833,VALID
DOC0000494,C000169,Rekening Koran,2025-11-01,0.754,0.994,11,11,2923,INVALID
DOC0000495,C000528,Surat Kerja,2025-08-11,0.936,0.968,7,6,3220,VALID
DOC0000496,C000473,Rekening Koran,2026-05-01,1.0,0.929,8,7,2852,VALID
DOC0000497,C000497,Form Aplikasi,2026-06-22,0.827,0.792,5,10,4876,VALID
DOC0000498,C000333,Surat Kerja,2025-12-25,0.962,0.968,4,11,4039,VALID
DOC0000499,C000358,Surat Kerja,2025-08-02,0.861,0.911,5,11,497,VALID
DOC0000500,C000530,Surat Kerja,2025-03-26,0.728,0.771,6,7,142,VALID
DOC0000501,C000649,Form Aplikasi,2026-03-14,0.697,1.0,4,8,3966,VALID
DOC0000502,C000156,NPWP,2024-12-02,0.876,0.874,7,10,3335,INVALID
DOC0000503,C000572,Rekening Koran,2024-04-14,1.0,0.967,11,9,498,INVALID
DOC0000504,C000196,Slip Gaji,2026-07-21,0.84,0.825,8,6,4638,VALID
DOC0000505,C000244,Slip Gaji,2024-04-10,0.923,0.891,8,6,3293,VALID
DOC0000506,C000344,Rekening Koran,2026-02-17,0.842,0.916,4,7,2572,VALID
DOC0000507,C000125,KTP,2024-09-12,0.894,0.914,10,11,2873,VALID
DOC0000508,C000615,KTP,2025-07-18,0.936,0.933,4,7,795,INVALID
DOC0000509,C000480,Surat Kerja,2025-07-02,0.869,0.874,0,10,1888,VALID
DOC0000510,C000381,Slip Gaji,2025-02-27,0.769,0.773,8,10,2115,VALID
DOC0000511,C000200,Rekening Koran,2024-10-17,1.0,0.887,7,7,1836,VALID
DOC0000512,C000478,NPWP,2025-05-30,0.836,0.808,5,6,1473,VALID
DOC0000513,C000354,Slip Gaji,2024-10-04,0.852,1.0,7,10,791,VALID
DOC0000514,C000306,KTP,2024-01-09,0.699,0.944,6,7,4750,VALID
DOC0000515,C000195,Slip Gaji,2025-07-17,0.634,0.94,10,7,883,VALID
DOC0000516,C000078,Form Aplikasi,2024-05-23,0.82,0.913,4,10,2139,VALID
DOC0000517,C000366,Surat Kerja,2026-07-03,0.683,0.896,4,11,4165,VALID
DOC0000518,C000650,KTP,2026-04-19,0.77,0.892,11,11,3130,VALID
DOC0000519,C000027,KTP,2025-02-04,0.908,0.931,10,10,1236,VALID
DOC0000520,C000371,NPWP,2025-11-23,0.772,0.905,10,6,2595,VALID
DOC0000521,C000569,Slip Gaji,2026-05-15,0.835,0.884,11,9,1984,VALID
DOC0000522,C000462,Slip Gaji,2024-03-06,0.744,1.0,5,7,2835,VALID
DOC0000523,C000523,KTP,2026-04-08,0.822,0.896,5,9,3539,VALID
DOC0000524,C000026,Slip Gaji,2026-03-09,0.58,0.902,4,8,439,VALID
DOC0000525,C000574,NPWP,2024-07-09,0.818,0.917,9,6,4345,VALID
DOC0000526,C000613,Rekening Koran,2024-04-21,0.714,0.967,4,6,2999,NEEDS_REVIEW
DOC0000527,C000093,KTP,2026-08-04,0.898,0.955,5,10,4952,VALID
DOC0000528,C000192,KTP,2025-09-21,0.908,0.82,11,9,793,VALID
DOC0000529,C000502,KTP,2024-07-15,1.0,0.85,9,8,4840,VALID
DOC0000530,C000456,Rekening Koran,2024-08-06,0.714,0.797,4,8,1163,VALID
DOC0000531,C000045,Form Aplikasi,2026-09-17,0.784,0.936,10,7,116,VALID
DOC0000532,C000167,KTP,2025-10-07,1.0,0.782,9,7,1837,INVALID
DOC0000533,C000289,Rekening Koran,2024-08-28,0.702,0.731,7,6,1271,VALID
DOC0000534,C000428,KTP,2024-09-10,0.899,0.885,8,9,1312,VALID
DOC0000535,C000674,Surat Kerja,2024-03-28,0.688,0.85,7,11,3684,NEEDS_REVIEW
DOC0000536,C000557,NPWP,2025-01-24,0.885,1.0,8,7,1826,VALID
DOC0000537,C000148,KTP,2025-06-30,0.884,0.966,8,8,285,VALID
DOC0000538,C000575,Surat Kerja,2025-06-07,0.855,0.852,6,9,1268,VALID
DOC0000539,C000235,Surat Kerja,2025-01-01,0.769,0.989,7,8,3301,INVALID
DOC0000540,C000579,Slip Gaji,2025-04-30,0.805,0.891,11,10,3541,VALID
DOC0000541,C000314,KTP,2025-08-09,0.886,0.929,10,11,4420,VALID
DOC0000542,C000127,NPWP,2026-03-25,0.949,0.972,0,8,2231,VALID
DOC0000543,C000454,KTP,2024-10-20,0.785,0.82,9,6,1603,VALID
DOC0000544,C000616,Rekening Koran,2026-07-12,0.777,0.958,7,6,3748,INVALID
DOC0000545,C000535,KTP,2024-05-28,0.89,0.982,8,8,3458,NEEDS_REVIEW
DOC0000546,C000308,NPWP,2024-10-22,0.759,1.0,9,6,4813,VALID
DOC0000547,C000498,Form Aplikasi,2026-06-09,0.846,1.0,10,9,2541,VALID
DOC0000548,C000223,NPWP,2024-09-24,0.675,0.839,9,11,2778,NEEDS_REVIEW
DOC0000549,C000558,Slip Gaji,2026-03-16,0.713,0.873,7,9,4008,NEEDS_REVIEW
DOC0000550,C000446,NPWP,2026-01-01,0.777,0.896,6,6,694,INVALID
DOC0000551,C000352,Surat Kerja,2026-03-06,0.842,0.897,4,6,1964,VALID
DOC0000552,C000298,KTP,2024-09-12,0.795,0.956,11,7,2496,VALID
DOC0000553,C000376,Rekening Koran,2024-02-06,0.931,0.902,4,10,2298,VALID
DOC0000554,C000465,Slip Gaji,2025-06-07,0.761,0.904,4,7,3588,VALID
DOC0000555,C000014,Rekening Koran,2024-10-27,1.0,0.813,11,7,1531,INVALID
DOC0000556,C000090,NPWP,2025-07-09,0.963,0.916,5,10,3878,VALID
DOC0000557,C000090,Rekening Koran,2026-07-03,0.807,0.97,5,7,422,VALID
DOC0000558,C000165,Surat Kerja,2024-03-21,0.926,0.975,11,9,4656,NEEDS_REVIEW
DOC0000559,C000083,KTP,2026-04-27,1.0,0.882,4,6,3102,VALID
DOC0000560,C000641,KTP,2026-01-21,0.927,0.859,10,10,1254,VALID
DOC0000561,C000250,KTP,2024-12-04,0.775,0.851,4,7,4881,VALID
DOC0000562,C000328,KTP,2024-06-30,0.981,0.886,8,11,3588,VALID
DOC0000563,C000422,Rekening Koran,2025-04-14,0.851,0.826,0,10,2035,VALID
DOC0000564,C000541,KTP,2025-09-27,0.842,1.0,10,11,4154,VALID
DOC0000565,C000323,Surat Kerja,2025-05-23,0.846,0.771,0,11,1043,INVALID
DOC0000566,C000192,KTP,2024-12-06,0.793,0.939,9,6,4226,VALID
DOC0000567,C000022,Form Aplikasi,2025-03-10,0.924,0.802,6,9,4099,VALID
DOC0000568,C000494,Rekening Koran,2025-05-26,0.987,0.959,8,11,2400,INVALID
DOC0000569,C000335,Form Aplikasi,2026-07-28,0.799,0.943,10,11,1502,VALID
DOC0000570,C000677,Slip Gaji,2024-01-08,1.0,0.908,11,6,4527,VALID
DOC0000571,C000636,Form Aplikasi,2024-07-14,0.98,0.976,0,6,3830,INVALID
DOC0000572,C000413,Rekening Koran,2024-10-26,0.663,0.747,9,10,2401,VALID
DOC0000573,C000131,Slip Gaji,2026-09-24,0.829,0.911,5,8,3879,VALID
DOC0000574,C000658,Rekening Koran,2024-10-07,0.926,0.899,4,8,3128,NEEDS_REVIEW
DOC0000575,C000569,Form Aplikasi,2026-02-26,0.814,1.0,4,9,3425,VALID
DOC0000576,C000042,Rekening Koran,2024-08-18,0.908,1.0,11,11,580,NEEDS_REVIEW
DOC0000577,C000226,Rekening Koran,2024-03-08,1.0,0.958,0,11,202,VALID
DOC0000578,C000408,KTP,2026-03-22,0.758,0.826,11,10,2314,VALID
DOC0000579,C000614,Surat Kerja,2025-08-09,0.785,1.0,4,8,4471,VALID
DOC0000580,C000601,Slip Gaji,2026-08-10,0.652,0.999,10,9,4659,NEEDS_REVIEW
DOC0000581,C000461,Surat Kerja,2025-03-15,0.752,0.979,5,10,2205,VALID
DOC0000582,C000615,Rekening Koran,2024-04-28,0.707,0.823,7,10,3673,NEEDS_REVIEW
DOC0000583,C000137,KTP,2024-08-05,0.831,0.88,7,6,4222,NEEDS_REVIEW
DOC0000584,C000352,KTP,2024-10-30,1.0,0.853,4,10,1379,VALID
DOC0000585,C000363,Slip Gaji,2024-11-29,0.756,1.0,5,11,3909,INVALID
DOC0000586,C000545,KTP,2026-01-16,0.807,0.998,8,11,2417,NEEDS_REVIEW
DOC0000587,C000263,KTP,2024-08-14,1.0,0.937,5,9,1344,VALID
DOC0000588,C000668,KTP,2025-06-18,0.857,0.906,9,7,2611,VALID
DOC0000589,C000429,NPWP,2024-05-22,0.872,0.79,5,7,226,VALID
DOC0000590,C000563,Surat Kerja,2026-06-20,0.647,1.0,10,10,1968,VALID
DOC0000591,C000166,Slip Gaji,2025-11-06,0.878,0.872,11,9,619,VALID
DOC0000592,C000479,Rekening Koran,2025-01-16,0.793,0.939,8,11,3054,VALID
DOC0000593,C000457,Rekening Koran,2024-11-04,0.722,0.917,4,10,4136,VALID
DOC0000594,C000457,Slip Gaji,2025-02-18,1.0,0.938,8,6,1857,NEEDS_REVIEW
DOC0000595,C000461,Slip Gaji,2024-03-17,0.914,0.896,4,11,2518,VALID
DOC0000596,C000259,Slip Gaji,2025-06-20,0.965,0.734,11,9,4354,VALID
DOC0000597,C000553,Form Aplikasi,2026-02-04,0.898,0.948,6,10,2705,VALID
DOC0000598,C000607,Form Aplikasi,2026-04-30,1.0,0.925,11,8,197,INVALID
DOC0000599,C000346,Surat Kerja,2026-02-26,0.868,0.873,7,6,722,VALID
DOC0000600,C000556,KTP,2025-02-15,0.85,1.0,10,9,4307,VALID
DOC0000601,C000614,KTP,2025-09-09,0.844,0.97,10,11,1286,VALID
DOC0000602,C000380,Surat Kerja,2025-02-17,1.0,1.0,4,10,4836,VALID
DOC0000603,C000477,Rekening Koran,2026-05-07,0.88,0.799,7,9,2555,VALID
DOC0000604,C000015,Form Aplikasi,2025-10-28,0.882,1.0,0,7,225,NEEDS_REVIEW
DOC0000605,C000478,Slip Gaji,2025-05-08,0.9,0.737,5,10,2351,VALID
DOC0000606,C000199,Surat Kerja,2024-06-03,0.862,1.0,9,11,3867,VALID
DOC0000607,C000278,Surat Kerja,2024-01-25,1.0,0.86,11,10,565,VALID
DOC0000608,C000113,Surat Kerja,2025-05-16,0.99,0.861,6,6,4391,VALID
DOC0000609,C000493,Surat Kerja,2024-12-30,0.896,0.85,10,8,2984,VALID
DOC0000610,C000053,Surat Kerja,2025-06-26,0.798,0.971,10,6,2568,NEEDS_REVIEW
DOC0000611,C000051,Form Aplikasi,2025-10-05,0.783,1.0,4,7,2065,NEEDS_REVIEW
DOC0000612,C000148,Rekening Koran,2025-03-30,0.772,0.832,8,8,4621,NEEDS_REVIEW
DOC0000613,C000257,Surat Kerja,2025-10-13,0.681,0.997,9,6,599,NEEDS_REVIEW
DOC0000614,C000681,Slip Gaji,2025-07-05,0.739,0.837,6,9,749,VALID
DOC0000615,C000390,Rekening Koran,2025-03-22,0.975,0.975,11,11,2571,VALID
DOC0000616,C000077,Surat Kerja,2024-12-31,0.733,0.935,6,6,2280,VALID
DOC0000617,C000373,NPWP,2024-09-28,0.776,1.0,5,7,4899,VALID
DOC0000618,C000155,KTP,2025-07-25,0.904,0.837,11,10,4598,VALID
DOC0000619,C000525,Rekening Koran,2024-11-06,0.744,0.955,9,6,3343,NEEDS_REVIEW
DOC0000620,C000292,Form Aplikasi,2024-10-15,0.762,0.99,9,10,4588,VALID
DOC0000621,C000115,Rekening Koran,2024-03-24,0.915,0.973,7,11,3490,VALID
DOC0000622,C000192,Slip Gaji,2025-11-09,0.898,0.892,5,6,627,VALID
DOC0000623,C000492,Form Aplikasi,2024-03-18,0.752,0.946,6,10,3889,VALID
DOC0000624,C000697,Slip Gaji,2024-01-06,0.913,0.994,7,10,1283,VALID
DOC0000625,C000556,Slip Gaji,2026-05-04,0.956,0.922,5,9,4452,NEEDS_REVIEW
DOC0000626,C000543,Rekening Koran,2026-03-24,0.655,0.873,4,9,2185,VALID
DOC0000627,C000052,Surat Kerja,2024-12-12,0.951,0.979,7,9,394,VALID
DOC0000628,C000136,NPWP,2024-07-05,0.865,0.906,8,10,1395,VALID
DOC0000629,C000541,Slip Gaji,2024-03-11,0.808,0.918,10,8,872,NEEDS_REVIEW
DOC0000630,C000222,Slip Gaji,2026-01-25,0.523,0.83,9,7,323,VALID
DOC0000631,C000205,Slip Gaji,2025-09-30,1.0,0.941,8,6,1189,VALID
DOC0000632,C000026,NPWP,2024-09-05,0.672,0.838,8,6,1871,VALID
DOC0000633,C000570,Rekening Koran,2026-07-13,0.787,1.0,0,11,4665,VALID
DOC0000634,C000603,Form Aplikasi,2025-05-18,0.853,0.849,8,9,498,VALID
DOC0000635,C000399,Surat Kerja,2024-01-17,0.806,0.922,0,8,4752,VALID
DOC0000636,C000005,Rekening Koran,2025-07-05,0.665,0.881,6,9,4988,NEEDS_REVIEW
DOC0000637,C000154,Form Aplikasi,2025-08-08,1.0,0.847,6,6,753,VALID
DOC0000638,C000479,KTP,2024-08-21,0.893,1.0,5,11,1002,VALID
DOC0000639,C000475,Surat Kerja,2026-04-22,0.785,0.86,0,7,2356,INVALID
DOC0000640,C000677,Rekening Koran,2025-12-30,0.789,0.999,5,9,1092,VALID
DOC0000641,C000476,Form Aplikasi,2025-12-22,0.946,0.902,8,11,2739,VALID
DOC0000642,C000251,Slip Gaji,2025-12-15,0.947,0.956,6,8,4204,VALID
DOC0000643,C000126,Surat Kerja,2024-02-10,0.793,0.999,9,9,3721,VALID
DOC0000644,C000473,KTP,2026-04-06,0.879,0.69,4,11,2238,VALID
DOC0000645,C000298,Rekening Koran,2024-04-28,0.821,0.825,9,8,752,VALID
DOC0000646,C000025,Surat Kerja,2024-07-20,0.813,0.91,5,11,2636,VALID
DOC0000647,C000324,KTP,2024-10-11,0.847,0.902,6,11,3893,VALID
DOC0000648,C000637,Slip Gaji,2024-04-25,0.65,0.979,6,8,2686,VALID
DOC0000649,C000171,NPWP,2025-07-28,0.88,0.978,9,7,1986,VALID
DOC0000650,C000419,NPWP,2024-05-29,1.0,0.939,5,11,4163,VALID
DOC0000651,C000077,Slip Gaji,2025-06-07,0.542,0.883,6,10,3484,VALID
DOC0000652,C000041,Rekening Koran,2024-08-08,0.864,0.882,9,7,4460,NEEDS_REVIEW
DOC0000653,C000126,Surat Kerja,2024-09-06,0.702,0.911,9,8,1146,VALID
DOC0000654,C000154,Slip Gaji,2025-04-10,0.997,0.84,6,10,666,NEEDS_REVIEW
DOC0000655,C000467,Rekening Koran,2025-10-23,0.863,0.953,7,7,1759,VALID
DOC0000656,C000459,Surat Kerja,2025-04-29,0.792,0.905,9,10,1404,VALID
DOC0000657,C000176,KTP,2025-06-11,0.577,1.0,5,8,4303,VALID
DOC0000658,C000172,Form Aplikasi,2025-08-18,0.79,0.971,7,10,4017,VALID
DOC0000659,C000459,Slip Gaji,2025-09-18,0.702,0.754,5,11,1244,INVALID
DOC0000660,C000364,Slip Gaji,2024-08-30,1.0,0.942,4,8,2888,VALID
DOC0000661,C000171,KTP,2025-09-09,0.964,0.982,0,9,2900,VALID
DOC0000662,C000439,Slip Gaji,2024-02-29,1.0,0.769,7,9,1104,INVALID
DOC0000663,C000212,Form Aplikasi,2026-07-03,0.668,0.958,5,7,1062,VALID
DOC0000664,C000233,KTP,2024-12-08,0.82,1.0,0,11,1395,VALID
DOC0000665,C000492,NPWP,2026-09-23,0.735,0.874,6,9,3106,VALID
DOC0000666,C000364,Surat Kerja,2025-10-24,0.785,0.888,9,10,3461,VALID
DOC0000667,C000455,Rekening Koran,2026-08-25,1.0,0.955,9,10,1049,VALID
DOC0000668,C000599,Rekening Koran,2025-05-21,1.0,0.935,6,11,2712,VALID
DOC0000669,C000615,NPWP,2025-12-31,1.0,1.0,8,9,205,VALID
DOC0000670,C000595,KTP,2026-05-01,0.903,0.823,6,11,3854,NEEDS_REVIEW
DOC0000671,C000133,Surat Kerja,2025-07-09,0.977,0.883,7,8,1289,NEEDS_REVIEW
DOC0000672,C000419,Surat Kerja,2024-08-17,0.899,1.0,11,8,2485,VALID
DOC0000673,C000391,Surat Kerja,2026-09-06,0.814,0.857,8,9,352,VALID
DOC0000674,C000507,Slip Gaji,2024-06-10,0.828,0.849,11,9,284,VALID
DOC0000675,C000250,Rekening Koran,2026-07-31,0.961,1.0,8,9,4922,VALID
DOC0000676,C000279,KTP,2025-05-02,0.605,0.959,7,9,2216,VALID
DOC0000677,C000292,Form Aplikasi,2026-01-18,0.782,0.92,11,10,1509,VALID
DOC0000678,C000013,Slip Gaji,2026-01-28,0.979,0.691,4,10,4512,INVALID
DOC0000679,C000450,Form Aplikasi,2026-05-27,0.775,0.957,0,9,3736,VALID
DOC0000680,C000578,KTP,2024-12-14,0.907,0.932,5,8,3091,VALID
DOC0000681,C000238,KTP,2026-07-25,0.911,0.996,11,6,2082,VALID
DOC0000682,C000354,Slip Gaji,2025-08-06,0.824,0.854,4,9,2242,VALID
DOC0000683,C000546,Form Aplikasi,2026-07-05,0.896,0.972,6,8,1851,VALID
DOC0000684,C000612,KTP,2025-12-14,0.81,0.835,8,6,2849,VALID
DOC0000685,C000521,Slip Gaji,2026-07-18,0.735,0.876,8,11,3867,VALID
DOC0000686,C000194,KTP,2024-12-20,0.999,0.976,0,6,2146,VALID
DOC0000687,C000228,Rekening Koran,2025-05-16,0.767,0.778,5,11,2122,VALID
DOC0000688,C000216,Slip Gaji,2026-01-03,1.0,0.982,10,9,3563,VALID
DOC0000689,C000586,KTP,2024-01-18,0.991,0.852,0,9,4860,VALID
DOC0000690,C000370,Slip Gaji,2024-05-04,0.864,0.826,0,11,1701,VALID
DOC0000691,C000016,Form Aplikasi,2026-01-13,0.606,0.981,4,6,3400,NEEDS_REVIEW
DOC0000692,C000077,Rekening Koran,2026-09-01,1.0,0.913,11,7,3491,VALID
DOC0000693,C000121,Rekening Koran,2024-11-29,0.783,0.918,0,11,843,VALID
DOC0000694,C000051,Rekening Koran,2024-11-15,0.688,1.0,7,9,2287,VALID
DOC0000695,C000426,Slip Gaji,2024-02-07,0.989,1.0,10,6,2218,VALID
DOC0000696,C000072,Rekening Koran,2024-04-01,0.844,0.913,5,11,4017,NEEDS_REVIEW
DOC0000697,C000144,Rekening Koran,2025-02-09,0.832,0.911,7,6,3544,VALID
DOC0000698,C000306,KTP,2026-09-13,0.775,0.962,7,11,3293,VALID
DOC0000699,C000292,KTP,2024-07-20,0.918,1.0,0,8,1349,INVALID
DOC0000700,C000311,Form Aplikasi,2026-01-21,0.696,0.867,8,7,4951,VALID
DOC0000701,C000455,KTP,2026-01-01,0.838,0.68,0,7,4469,NEEDS_REVIEW
DOC0000702,C000609,Rekening Koran,2026-05-02,0.769,0.91,10,8,1958,VALID
DOC0000703,C000642,Surat Kerja,2025-07-31,0.755,0.858,6,7,4849,VALID
DOC0000704,C000690,KTP,2026-05-06,1.0,0.924,6,9,3073,VALID
DOC0000705,C000443,Form Aplikasi,2025-03-24,0.947,0.903,6,11,3251,VALID
DOC0000706,C000169,KTP,2025-06-12,1.0,0.771,6,6,140,VALID
DOC0000707,C000027,Slip Gaji,2026-09-25,0.731,0.928,11,7,4866,VALID
DOC0000708,C000243,Slip Gaji,2024-02-05,0.873,0.951,7,10,1694,VALID
DOC0000709,C000556,Form Aplikasi,2025-09-26,0.788,0.892,11,9,1324,VALID
DOC0000710,C000644,Slip Gaji,2025-03-23,0.832,0.792,5,8,1840,VALID
DOC0000711,C000232,NPWP,2025-11-26,0.808,0.953,9,6,3102,VALID
DOC0000712,C000608,Slip Gaji,2024-05-07,0.971,0.752,9,10,1082,NEEDS_REVIEW
DOC0000713,C000290,NPWP,2026-01-23,0.904,0.885,9,9,1692,VALID
DOC0000714,C000292,Surat Kerja,2026-03-06,0.831,0.839,11,8,4431,NEEDS_REVIEW
DOC0000715,C000166,Surat Kerja,2025-03-03,0.959,0.994,7,11,4130,VALID
DOC0000716,C000022,NPWP,2024-06-10,0.755,0.902,5,9,4158,VALID
DOC0000717,C000565,Surat Kerja,2025-11-27,0.711,0.791,9,6,1054,VALID
DOC0000718,C000134,Form Aplikasi,2024-01-06,0.742,0.902,7,6,2213,VALID
DOC0000719,C000217,Slip Gaji,2024-11-08,0.786,0.957,6,7,3153,VALID
DOC0000720,C000269,Rekening Koran,2026-01-25,1.0,0.788,5,9,4105,VALID
DOC0000721,C000077,Slip Gaji,2026-02-13,0.768,0.984,6,6,706,VALID
DOC0000722,C000671,Slip Gaji,2024-01-29,0.872,1.0,4,11,4667,VALID
DOC0000723,C000646,Surat Kerja,2026-08-08,0.979,1.0,4,8,4070,VALID
DOC0000724,C000460,Surat Kerja,2024-02-16,0.946,0.831,11,10,845,VALID
DOC0000725,C000264,Surat Kerja,2026-03-22,1.0,0.755,5,10,2062,VALID
DOC0000726,C000247,Rekening Koran,2026-06-13,0.863,1.0,5,11,4663,VALID
DOC0000727,C000124,NPWP,2024-06-27,0.896,1.0,9,6,283,VALID
DOC0000728,C000075,KTP,2026-07-22,0.996,0.925,8,10,555,VALID
DOC0000729,C000452,Form Aplikasi,2024-03-03,1.0,0.95,11,7,556,VALID
DOC0000730,C000316,Form Aplikasi,2026-07-22,0.836,0.91,6,6,4428,NEEDS_REVIEW
DOC0000731,C000542,KTP,2026-05-30,0.877,1.0,11,9,4436,VALID
DOC0000732,C000166,Form Aplikasi,2024-08-15,0.861,1.0,4,9,1334,VALID
DOC0000733,C000445,KTP,2025-05-21,0.858,0.885,10,10,862,VALID
DOC0000734,C000414,Rekening Koran,2024-07-23,0.906,1.0,11,9,946,VALID
DOC0000735,C000310,Rekening Koran,2024-05-25,0.689,0.78,4,7,4274,VALID
DOC0000736,C000640,KTP,2025-04-20,0.93,1.0,10,10,2632,VALID
DOC0000737,C000290,Surat Kerja,2026-04-19,0.888,1.0,9,6,533,VALID
DOC0000738,C000673,NPWP,2024-02-24,1.0,0.867,11,10,3138,VALID
DOC0000739,C000094,Slip Gaji,2025-03-30,0.715,0.985,5,9,1480,VALID
DOC0000740,C000615,Slip Gaji,2024-09-16,0.778,0.918,6,9,577,VALID
DOC0000741,C000647,Slip Gaji,2026-07-21,0.747,0.856,8,11,385,VALID
DOC0000742,C000104,Rekening Koran,2024-04-17,0.7,0.968,11,9,3409,INVALID
DOC0000743,C000506,Surat Kerja,2026-01-22,0.879,0.894,9,10,2285,VALID
DOC0000744,C000665,Slip Gaji,2025-09-03,0.637,1.0,10,7,2956,VALID
DOC0000745,C000639,NPWP,2025-07-23,0.743,0.949,8,8,4911,VALID
DOC0000746,C000372,Form Aplikasi,2024-03-07,0.803,0.948,4,8,3021,VALID
DOC0000747,C000206,KTP,2025-12-10,0.742,0.964,7,9,4367,VALID
DOC0000748,C000159,Surat Kerja,2024-10-04,1.0,0.854,6,9,3236,VALID
DOC0000749,C000648,NPWP,2024-01-11,0.954,0.938,0,9,1573,VALID
DOC0000750,C000507,Rekening Koran,2024-06-28,0.593,0.823,8,7,611,VALID
DOC0000751,C000498,Rekening Koran,2024-02-22,0.881,0.944,7,7,3143,VALID
DOC0000752,C000539,KTP,2025-08-03,0.811,0.878,5,8,3689,VALID
DOC0000753,C000413,Slip Gaji,2024-06-07,0.937,0.846,5,10,3753,VALID
DOC0000754,C000366,Rekening Koran,2024-01-16,0.856,0.852,11,7,3026,VALID
DOC0000755,C000624,Surat Kerja,2025-09-22,0.753,0.733,8,7,2618,NEEDS_REVIEW
DOC0000756,C000406,Rekening Koran,2024-06-13,0.852,1.0,8,8,4327,VALID
DOC0000757,C000122,Rekening Koran,2026-08-21,0.841,0.955,10,6,4468,VALID
DOC0000758,C000060,Rekening Koran,2024-04-15,0.699,1.0,8,11,3361,VALID
DOC0000759,C000598,Surat Kerja,2025-10-27,1.0,0.813,8,6,2119,NEEDS_REVIEW
DOC0000760,C000313,KTP,2026-04-19,0.995,0.903,6,11,4821,VALID
DOC0000761,C000480,KTP,2026-09-01,0.919,1.0,4,10,3835,VALID
DOC0000762,C000216,Form Aplikasi,2024-03-09,0.741,0.915,11,7,2110,VALID
DOC0000763,C000634,Slip Gaji,2026-01-20,0.837,0.853,5,8,4765,VALID
DOC0000764,C000674,Form Aplikasi,2025-10-30,0.849,0.809,10,10,1590,VALID
DOC0000765,C000627,KTP,2024-02-19,0.777,0.855,11,7,261,VALID
DOC0000766,C000205,Surat Kerja,2026-01-29,0.917,1.0,9,8,2202,VALID
DOC0000767,C000168,KTP,2026-08-02,0.908,0.559,6,11,3112,VALID
DOC0000768,C000583,Surat Kerja,2026-01-16,0.859,0.722,6,7,1874,VALID
DOC0000769,C000027,Rekening Koran,2026-05-11,0.637,0.965,11,7,2367,NEEDS_REVIEW
DOC0000770,C000363,Surat Kerja,2024-08-31,0.865,0.941,11,8,3812,VALID
DOC0000771,C000574,KTP,2025-10-22,0.626,0.883,8,9,4543,VALID
DOC0000772,C000400,Rekening Koran,2025-01-31,0.98,0.902,8,9,1748,VALID
DOC0000773,C000509,Surat Kerja,2026-02-17,0.906,0.912,4,9,3420,VALID
DOC0000774,C000344,Surat Kerja,2025-06-07,0.962,0.867,6,8,2563,INVALID
DOC0000775,C000487,Surat Kerja,2025-04-18,1.0,1.0,9,10,1301,VALID
DOC0000776,C000363,NPWP,2026-03-02,0.939,1.0,8,9,1217,NEEDS_REVIEW
DOC0000777,C000068,Rekening Koran,2026-07-28,0.997,0.958,6,9,1412,VALID
DOC0000778,C000106,Form Aplikasi,2025-04-07,0.764,0.979,11,10,3427,NEEDS_REVIEW
DOC0000779,C000696,KTP,2026-04-21,0.859,0.873,8,9,2607,VALID
DOC0000780,C000655,NPWP,2024-09-09,0.878,0.926,11,10,2931,INVALID
DOC0000781,C000233,Surat Kerja,2025-07-11,0.864,1.0,6,9,667,VALID
DOC0000782,C000054,Rekening Koran,2024-06-14,0.996,0.971,11,7,1087,VALID
DOC0000783,C000218,Surat Kerja,2025-01-23,0.642,0.79,0,7,2435,INVALID
DOC0000784,C000111,KTP,2025-06-19,0.998,0.84,10,9,215,VALID
DOC0000785,C000209,Surat Kerja,2024-04-26,0.928,0.862,8,6,3538,INVALID
DOC0000786,C000097,Rekening Koran,2025-08-03,0.847,0.922,6,10,737,NEEDS_REVIEW
DOC0000787,C000397,Rekening Koran,2024-04-14,0.874,0.924,9,10,4422,NEEDS_REVIEW
DOC0000788,C000544,Slip Gaji,2026-04-01,0.798,0.906,6,7,2842,VALID
DOC0000789,C000350,Surat Kerja,2026-03-30,0.863,0.875,9,7,4282,VALID
DOC0000790,C000217,Slip Gaji,2025-09-27,0.885,0.848,9,11,4193,VALID
DOC0000791,C000439,KTP,2025-08-17,0.815,0.833,5,6,2727,VALID
DOC0000792,C000467,NPWP,2026-04-12,0.929,0.981,4,9,2196,VALID
DOC0000793,C000561,KTP,2025-06-30,0.814,0.804,0,6,845,VALID
DOC0000794,C000111,Surat Kerja,2024-11-06,1.0,0.879,6,9,3063,VALID
DOC0000795,C000559,KTP,2025-11-11,0.839,0.752,5,10,3798,VALID
DOC0000796,C000584,NPWP,2024-06-09,0.859,0.948,8,8,3152,VALID
DOC0000797,C000467,KTP,2025-10-08,0.856,0.991,4,8,3464,NEEDS_REVIEW
DOC0000798,C000326,Rekening Koran,2026-06-26,0.857,1.0,4,11,1838,VALID
DOC0000799,C000573,KTP,2024-05-24,0.804,0.949,0,8,3115,INVALID
DOC0000800,C000459,Surat Kerja,2026-07-09,1.0,0.924,4,7,3160,VALID
DOC0000801,C000503,KTP,2024-02-28,0.782,1.0,7,11,2622,VALID
DOC0000802,C000625,Form Aplikasi,2025-12-27,0.954,1.0,4,9,4625,VALID
DOC0000803,C000296,Rekening Koran,2025-01-03,1.0,1.0,7,11,931,VALID
DOC0000804,C000199,Rekening Koran,2026-04-01,0.915,0.914,11,10,2681,VALID
DOC0000805,C000579,KTP,2025-01-27,0.831,0.914,5,9,349,VALID
DOC0000806,C000594,KTP,2024-08-24,0.929,0.898,10,6,4443,VALID
DOC0000807,C000615,KTP,2025-02-07,0.831,1.0,6,8,3986,VALID
DOC0000808,C000159,KTP,2024-01-28,0.967,0.957,0,7,583,VALID
DOC0000809,C000567,NPWP,2024-03-09,0.67,0.817,5,7,242,VALID
DOC0000810,C000463,KTP,2024-03-24,0.94,0.688,10,8,249,VALID
DOC0000811,C000510,KTP,2025-12-26,1.0,0.728,6,8,400,VALID
DOC0000812,C000016,KTP,2025-09-30,0.751,0.972,6,11,3638,NEEDS_REVIEW
DOC0000813,C000301,Form Aplikasi,2025-09-08,0.852,1.0,4,9,1962,VALID
DOC0000814,C000141,Rekening Koran,2026-08-10,0.881,0.894,8,11,2362,VALID
DOC0000815,C000001,Slip Gaji,2024-09-04,0.794,0.798,0,7,2582,VALID
DOC0000816,C000172,Rekening Koran,2024-11-07,0.563,0.955,9,7,1376,VALID
DOC0000817,C000586,Form Aplikasi,2024-09-03,0.889,0.885,9,7,3786,VALID
DOC0000818,C000110,NPWP,2026-01-01,0.694,0.928,6,10,4598,VALID
DOC0000819,C000536,Surat Kerja,2026-03-15,0.689,0.895,5,6,2777,VALID
DOC0000820,C000316,KTP,2026-07-09,0.756,0.832,6,7,2887,NEEDS_REVIEW
DOC0000821,C000594,NPWP,2025-10-14,0.842,0.959,7,8,2845,VALID
DOC0000822,C000275,Rekening Koran,2026-08-30,0.596,0.938,6,11,2199,VALID
DOC0000823,C000681,Surat Kerja,2025-06-11,0.925,0.845,4,10,719,VALID
DOC0000824,C000184,NPWP,2025-06-20,0.953,0.905,7,10,297,VALID
DOC0000825,C000331,KTP,2026-02-27,0.716,1.0,7,8,1604,VALID
DOC0000826,C000391,KTP,2026-07-13,0.734,0.891,4,6,4242,VALID
DOC0000827,C000343,Slip Gaji,2026-01-19,0.92,1.0,9,9,1787,VALID
DOC0000828,C000487,Rekening Koran,2024-02-16,0.73,0.803,5,9,2587,VALID
DOC0000829,C000597,Slip Gaji,2025-04-30,1.0,0.794,11,8,4818,VALID
DOC0000830,C000573,Slip Gaji,2024-03-26,0.695,0.972,10,8,2864,VALID
DOC0000831,C000016,KTP,2024-06-26,0.798,0.947,6,11,3186,VALID
DOC0000832,C000674,Slip Gaji,2024-11-09,0.821,0.853,6,7,4570,NEEDS_REVIEW
DOC0000833,C000690,KTP,2025-10-12,1.0,0.852,7,6,3319,VALID
DOC0000834,C000038,Rekening Koran,2025-04-14,1.0,0.805,4,7,218,VALID
DOC0000835,C000048,NPWP,2024-08-09,0.828,0.887,9,7,3313,VALID
DOC0000836,C000459,KTP,2025-04-05,0.835,0.899,4,11,4206,VALID
DOC0000837,C000546,Form Aplikasi,2025-05-19,0.61,0.899,11,11,4293,NEEDS_REVIEW
DOC0000838,C000635,KTP,2026-02-03,0.974,0.874,6,8,4828,VALID
DOC0000839,C000655,Rekening Koran,2025-05-14,0.783,0.846,4,10,2279,VALID
DOC0000840,C000594,Surat Kerja,2026-06-05,0.817,0.827,5,6,3483,VALID
DOC0000841,C000047,Surat Kerja,2025-06-15,0.926,0.964,5,8,3704,VALID
DOC0000842,C000605,NPWP,2024-09-18,0.822,0.814,7,6,1309,VALID
DOC0000843,C000057,Rekening Koran,2026-08-15,0.547,0.823,6,8,2842,VALID
DOC0000844,C000236,Surat Kerja,2024-11-29,0.686,0.928,7,8,1477,VALID
DOC0000845,C000676,Surat Kerja,2026-08-12,0.833,0.874,7,8,3925,VALID
DOC0000846,C000192,Slip Gaji,2025-07-20,0.77,0.921,6,6,3225,VALID
DOC0000847,C000302,Form Aplikasi,2024-05-09,1.0,0.848,7,9,680,NEEDS_REVIEW
DOC0000848,C000491,KTP,2025-10-04,1.0,0.99,5,8,1536,NEEDS_REVIEW
DOC0000849,C000177,Rekening Koran,2024-10-18,0.777,1.0,7,10,3088,NEEDS_REVIEW
DOC0000850,C000122,Slip Gaji,2025-02-22,0.856,0.982,5,9,3160,VALID
DOC0000851,C000139,NPWP,2024-05-13,0.841,0.891,4,9,2734,VALID
DOC0000852,C000569,Slip Gaji,2024-04-27,0.856,0.871,9,9,4814,VALID
DOC0000853,C000319,Slip Gaji,2025-10-11,0.889,0.889,7,11,2640,VALID
DOC0000854,C000374,Rekening Koran,2024-04-28,0.721,0.911,6,9,2676,VALID
DOC0000855,C000289,KTP,2026-02-21,0.866,0.818,5,8,4642,VALID
DOC0000856,C000096,Rekening Koran,2025-10-05,0.617,0.953,7,6,2573,VALID
DOC0000857,C000610,Rekening Koran,2026-05-04,0.601,0.955,10,10,4273,VALID
DOC0000858,C000158,Surat Kerja,2024-04-22,1.0,0.834,6,6,1480,VALID
DOC0000859,C000308,NPWP,2024-09-30,0.723,0.76,10,9,530,VALID
DOC0000860,C000499,Surat Kerja,2025-02-11,0.774,0.891,10,8,1307,VALID
DOC0000861,C000433,Form Aplikasi,2026-08-11,0.818,1.0,9,9,2912,VALID
DOC0000862,C000081,Surat Kerja,2025-11-25,0.926,1.0,10,6,2369,NEEDS_REVIEW
DOC0000863,C000555,Form Aplikasi,2026-01-04,0.83,0.918,7,6,1412,VALID
DOC0000864,C000693,NPWP,2024-03-30,0.982,0.929,4,9,2254,VALID
DOC0000865,C000129,NPWP,2025-01-09,0.906,0.801,8,11,4601,VALID
DOC0000866,C000541,Form Aplikasi,2026-01-30,0.763,0.831,10,6,810,VALID
DOC0000867,C000145,KTP,2026-01-22,0.762,1.0,10,7,1754,NEEDS_REVIEW
DOC0000868,C000213,Rekening Koran,2024-05-23,0.998,0.843,11,7,1569,VALID
DOC0000869,C000010,KTP,2025-05-27,0.818,1.0,10,6,2546,VALID
DOC0000870,C000314,KTP,2024-09-29,0.806,0.92,11,7,1293,NEEDS_REVIEW
DOC0000871,C000502,Slip Gaji,2025-06-01,0.813,0.838,4,10,4731,NEEDS_REVIEW
DOC0000872,C000196,Slip Gaji,2024-05-18,0.679,0.867,7,8,4281,VALID
DOC0000873,C000409,Slip Gaji,2026-05-25,0.83,1.0,8,11,3021,VALID
DOC0000874,C000307,Rekening Koran,2024-10-21,0.863,0.799,9,6,2699,VALID
DOC0000875,C000188,Rekening Koran,2025-08-29,1.0,0.916,4,11,1812,VALID
DOC0000876,C000574,Surat Kerja,2025-07-18,0.843,1.0,4,6,4836,NEEDS_REVIEW
DOC0000877,C000230,Slip Gaji,2025-05-28,1.0,0.987,11,11,3875,VALID
DOC0000878,C000245,Slip Gaji,2026-04-26,0.751,0.926,0,6,4992,VALID
DOC0000879,C000190,Surat Kerja,2025-06-29,0.991,0.973,4,7,129,VALID
DOC0000880,C000288,Rekening Koran,2024-09-13,1.0,1.0,6,8,971,VALID
DOC0000881,C000596,Slip Gaji,2024-01-15,0.821,0.937,0,8,3118,NEEDS_REVIEW
DOC0000882,C000009,NPWP,2025-10-24,0.968,1.0,9,9,377,NEEDS_REVIEW
DOC0000883,C000454,Surat Kerja,2025-08-02,0.878,1.0,6,10,346,VALID
DOC0000884,C000270,Surat Kerja,2024-04-03,0.651,0.84,4,6,434,VALID
DOC0000885,C000656,Slip Gaji,2026-07-05,0.819,1.0,8,9,1511,VALID
DOC0000886,C000365,NPWP,2025-02-23,0.768,0.991,6,10,4426,VALID
DOC0000887,C000577,Slip Gaji,2026-04-29,0.964,0.946,4,7,4442,VALID
DOC0000888,C000591,Slip Gaji,2024-02-13,0.88,0.988,5,8,2223,NEEDS_REVIEW
DOC0000889,C000454,Rekening Koran,2024-02-06,0.91,0.899,4,10,2751,VALID
DOC0000890,C000156,Form Aplikasi,2025-08-11,0.886,0.995,7,10,369,NEEDS_REVIEW
DOC0000891,C000617,Rekening Koran,2026-03-29,0.905,1.0,7,10,2894,VALID
DOC0000892,C000390,NPWP,2026-06-09,0.686,1.0,7,8,900,VALID
DOC0000893,C000409,KTP,2025-08-28,0.942,0.994,4,9,268,INVALID
DOC0000894,C000439,Surat Kerja,2026-04-20,0.745,0.91,7,6,1944,VALID
DOC0000895,C000050,Rekening Koran,2024-05-09,0.832,0.874,5,10,436,INVALID
DOC0000896,C000404,Rekening Koran,2025-09-04,1.0,0.957,11,6,152,VALID
DOC0000897,C000154,Slip Gaji,2026-03-03,1.0,0.818,0,10,121,VALID
DOC0000898,C000251,NPWP,2024-04-08,0.919,0.754,5,6,2228,VALID
DOC0000899,C000190,Form Aplikasi,2024-10-19,0.961,0.933,11,7,2115,VALID
DOC0000900,C000677,NPWP,2024-02-13,0.787,0.868,10,9,198,VALID
DOC0000901,C000582,Surat Kerja,2026-06-12,0.823,0.961,7,11,4887,VALID
DOC0000902,C000370,Slip Gaji,2025-01-20,0.785,0.71,6,8,414,VALID
DOC0000903,C000269,KTP,2025-10-02,0.87,0.907,9,10,3810,INVALID
DOC0000904,C000245,Slip Gaji,2025-01-09,0.907,0.853,5,9,2578,VALID
DOC0000905,C000541,Rekening Koran,2024-10-22,0.901,0.881,7,11,1947,NEEDS_REVIEW
DOC0000906,C000192,Rekening Koran,2026-02-11,0.95,0.966,10,7,3193,VALID
DOC0000907,C000200,KTP,2025-08-08,0.862,0.847,5,6,687,NEEDS_REVIEW
DOC0000908,C000258,Form Aplikasi,2025-10-20,0.729,0.944,6,9,3698,NEEDS_REVIEW
DOC0000909,C000011,NPWP,2024-05-01,1.0,1.0,6,10,4870,VALID
DOC0000910,C000640,KTP,2024-06-11,0.846,0.837,9,10,2587,VALID
DOC0000911,C000693,Slip Gaji,2025-08-04,0.783,0.899,5,8,4771,NEEDS_REVIEW
DOC0000912,C000584,Surat Kerja,2025-01-05,0.812,0.889,10,7,964,VALID
DOC0000913,C000230,KTP,2024-03-28,0.83,0.945,6,8,2679,VALID
DOC0000914,C000199,KTP,2025-06-01,0.821,0.986,7,9,1651,VALID
DOC0000915,C000307,Slip Gaji,2025-12-25,0.86,0.871,9,11,614,VALID
DOC0000916,C000614,Slip Gaji,2025-10-14,0.766,0.831,11,8,3542,VALID
DOC0000917,C000185,NPWP,2026-01-27,1.0,1.0,0,7,1174,VALID
DOC0000918,C000108,Form Aplikasi,2025-02-13,0.834,1.0,6,10,2673,VALID
DOC0000919,C000587,Rekening Koran,2024-11-13,0.941,1.0,10,11,3332,VALID
DOC0000920,C000259,NPWP,2026-03-22,0.767,1.0,11,11,1798,VALID
DOC0000921,C000064,NPWP,2024-10-07,0.858,0.88,7,9,2787,VALID
DOC0000922,C000234,Slip Gaji,2025-12-01,0.919,0.874,5,8,3637,VALID
DOC0000923,C000190,NPWP,2025-11-27,1.0,0.882,9,6,4382,VALID
DOC0000924,C000190,Rekening Koran,2026-02-12,0.922,1.0,10,11,3639,VALID
DOC0000925,C000683,Form Aplikasi,2025-12-16,0.712,1.0,11,9,2188,VALID
DOC0000926,C000502,Slip Gaji,2024-10-18,0.727,0.769,6,8,944,VALID
DOC0000927,C000306,KTP,2025-01-30,0.773,0.915,10,9,3703,VALID
DOC0000928,C000541,Slip Gaji,2025-12-06,0.803,0.994,0,10,4366,INVALID
DOC0000929,C000138,Surat Kerja,2025-01-22,0.769,0.972,10,11,1638,VALID
DOC0000930,C000135,KTP,2025-08-20,0.865,0.867,4,7,3834,VALID
DOC0000931,C000634,Surat Kerja,2026-06-08,1.0,0.995,10,9,3730,VALID
DOC0000932,C000063,NPWP,2026-06-20,0.832,0.926,10,10,665,VALID
DOC0000933,C000038,Rekening Koran,2025-01-30,0.798,1.0,0,10,3763,NEEDS_REVIEW
DOC0000934,C000171,Slip Gaji,2025-05-25,0.821,0.961,11,9,4900,VALID
DOC0000935,C000648,KTP,2025-04-27,0.824,1.0,9,9,4919,VALID
DOC0000936,C000629,Slip Gaji,2025-05-15,1.0,1.0,9,7,585,VALID
DOC0000937,C000183,Form Aplikasi,2026-06-06,0.918,0.863,7,7,566,NEEDS_REVIEW
DOC0000938,C000673,Slip Gaji,2026-09-06,0.999,0.894,11,7,1168,VALID
DOC0000939,C000691,KTP,2025-03-05,0.875,0.774,11,9,1589,VALID
DOC0000940,C000285,KTP,2024-05-05,0.845,0.828,10,11,3620,NEEDS_REVIEW
DOC0000941,C000246,Surat Kerja,2025-03-03,0.849,0.842,7,9,1307,VALID
DOC0000942,C000557,Slip Gaji,2026-01-29,0.732,1.0,10,7,4207,INVALID
DOC0000943,C000616,NPWP,2024-07-27,0.866,1.0,4,7,4896,VALID
DOC0000944,C000230,Rekening Koran,2024-02-05,0.759,0.891,6,9,2436,VALID
DOC0000945,C000055,KTP,2024-08-22,0.985,0.908,10,6,4003,VALID
DOC0000946,C000190,NPWP,2026-07-20,0.692,0.975,11,9,2955,VALID
DOC0000947,C000044,Surat Kerja,2025-06-15,0.837,0.903,11,7,1523,VALID
DOC0000948,C000456,KTP,2026-09-01,1.0,1.0,11,11,1640,VALID
DOC0000949,C000590,Slip Gaji,2026-05-01,0.945,0.894,11,8,205,VALID
DOC0000950,C000217,KTP,2025-08-25,0.577,1.0,7,8,3587,VALID
DOC0000951,C000281,Form Aplikasi,2024-04-04,1.0,0.997,6,10,1589,VALID
DOC0000952,C000421,Surat Kerja,2024-05-22,0.636,0.955,9,8,4290,NEEDS_REVIEW
DOC0000953,C000316,KTP,2024-07-12,0.713,0.823,7,10,184,VALID
DOC0000954,C000652,Surat Kerja,2024-06-27,0.797,0.937,0,9,1361,VALID
DOC0000955,C000382,NPWP,2026-05-31,0.735,0.916,11,11,4617,VALID
DOC0000956,C000313,Rekening Koran,2024-09-15,0.945,0.782,0,6,2061,VALID
DOC0000957,C000449,KTP,2024-11-20,0.812,0.879,9,9,404,INVALID
DOC0000958,C000345,Form Aplikasi,2026-02-22,0.871,0.92,9,6,1921,VALID
DOC0000959,C000615,Form Aplikasi,2024-01-06,1.0,0.926,4,6,4492,VALID
DOC0000960,C000122,Rekening Koran,2025-06-25,0.811,0.873,10,11,415,VALID
DOC0000961,C000628,Slip Gaji,2025-12-16,0.998,0.738,5,9,3983,VALID
DOC0000962,C000095,KTP,2026-02-21,0.893,0.99,11,11,1570,VALID
DOC0000963,C000538,Slip Gaji,2024-07-15,1.0,0.864,8,9,4129,INVALID
DOC0000964,C000337,Rekening Koran,2024-01-30,0.83,1.0,7,10,4937,NEEDS_REVIEW
DOC0000965,C000006,Surat Kerja,2024-07-15,0.975,0.881,6,11,1834,VALID
DOC0000966,C000428,KTP,2024-12-18,0.751,0.937,4,10,4429,INVALID
DOC0000967,C000651,KTP,2025-06-30,0.777,0.859,6,9,1873,VALID
DOC0000968,C000639,Form Aplikasi,2026-04-25,0.794,0.936,9,7,3803,VALID
DOC0000969,C000250,NPWP,2025-10-18,0.7,0.956,9,6,3869,NEEDS_REVIEW
DOC0000970,C000093,Form Aplikasi,2026-05-15,0.93,0.955,5,7,1892,VALID
DOC0000971,C000091,KTP,2026-04-08,0.883,0.818,4,6,3125,VALID
DOC0000972,C000635,Rekening Koran,2024-12-06,0.902,0.905,8,10,2306,VALID
DOC0000973,C000568,KTP,2026-02-26,0.878,0.895,4,8,3635,VALID
DOC0000974,C000432,KTP,2025-10-29,1.0,0.944,6,7,313,VALID
DOC0000975,C000339,Form Aplikasi,2025-01-27,1.0,0.955,7,8,774,VALID
DOC0000976,C000194,Slip Gaji,2025-07-17,0.876,1.0,7,11,4516,VALID
DOC0000977,C000677,KTP,2025-05-03,0.887,0.877,9,11,1257,VALID
DOC0000978,C000039,Rekening Koran,2024-11-15,0.696,1.0,5,6,261,VALID
DOC0000979,C000402,Rekening Koran,2026-08-10,0.913,0.901,6,6,163,VALID
DOC0000980,C000194,Rekening Koran,2025-02-24,0.89,0.926,5,6,530,VALID
DOC0000981,C000584,Form Aplikasi,2026-02-22,0.731,0.991,10,9,429,VALID
DOC0000982,C000576,KTP,2025-02-10,0.739,0.977,6,9,1833,VALID
DOC0000983,C000441,KTP,2026-08-02,1.0,0.971,10,6,2434,VALID
DOC0000984,C000025,Slip Gaji,2026-06-06,0.81,0.834,10,11,4499,VALID
DOC0000985,C000454,Form Aplikasi,2024-11-15,0.875,0.962,5,7,3753,VALID
DOC0000986,C000361,KTP,2025-06-04,0.708,0.953,5,10,3843,VALID
DOC0000987,C000509,NPWP,2024-04-05,0.906,1.0,4,11,3559,VALID
DOC0000988,C000323,KTP,2024-06-02,0.747,0.944,9,8,998,NEEDS_REVIEW
DOC0000989,C000378,NPWP,2024-06-10,0.8,0.832,9,10,3222,VALID
DOC0000990,C000094,Rekening Koran,2025-02-26,1.0,0.852,11,8,4409,INVALID
DOC0000991,C000597,KTP,2025-12-14,0.927,0.944,6,8,3013,VALID
DOC0000992,C000331,Slip Gaji,2026-01-03,0.917,0.955,11,7,2729,VALID
DOC0000993,C000437,KTP,2026-03-18,0.83,0.851,9,6,2990,NEEDS_REVIEW
DOC0000994,C000634,KTP,2024-10-02,0.673,0.954,8,8,952,INVALID
DOC0000995,C000255,Rekening Koran,2024-12-19,0.837,0.941,7,7,1828,NEEDS_REVIEW
DOC0000996,C000297,Rekening Koran,2024-02-27,0.869,0.923,10,8,1380,VALID
DOC0000997,C000328,KTP,2024-06-09,0.642,0.852,9,10,4642,VALID
DOC0000998,C000233,NPWP,2025-07-26,0.802,0.909,5,8,2263,VALID
DOC0000999,C000444,Form Aplikasi,2026-01-05,1.0,0.976,5,9,3530,VALID
DOC0001000,C000382,Surat Kerja,2025-04-11,0.998,0.915,9,11,1864,VALID
DOC0001001,C000619,Slip Gaji,2024-02-29,0.737,0.871,4,7,2893,VALID
DOC0001002,C000546,Slip Gaji,2024-08-04,0.927,0.761,7,10,304,VALID
DOC0001003,C000511,Rekening Koran,2026-08-19,0.605,0.915,7,11,3279,VALID
DOC0001004,C000269,Form Aplikasi,2024-09-28,0.941,0.865,4,7,632,VALID
DOC0001005,C000222,NPWP,2026-06-03,0.916,1.0,11,11,197,VALID
DOC0001006,C000210,Form Aplikasi,2024-05-04,0.835,0.852,4,6,2244,VALID
DOC0001007,C000686,KTP,2026-06-02,0.869,0.875,4,9,723,VALID
DOC0001008,C000664,Slip Gaji,2025-10-17,0.849,0.811,4,10,169,VALID
DOC0001009,C000099,Surat Kerja,2024-09-15,0.929,0.983,11,8,206,NEEDS_REVIEW
DOC0001010,C000102,NPWP,2026-07-11,0.751,1.0,10,6,4071,VALID
DOC0001011,C000662,Slip Gaji,2026-06-06,0.751,0.872,4,11,582,VALID
DOC0001012,C000689,Rekening Koran,2024-05-19,0.825,0.809,4,8,1667,NEEDS_REVIEW
DOC0001013,C000299,Surat Kerja,2026-02-07,0.919,0.884,10,10,1754,VALID
DOC0001014,C000206,Surat Kerja,2025-03-30,0.95,0.832,4,10,759,VALID
DOC0001015,C000240,Form Aplikasi,2024-02-25,0.809,0.952,7,9,2884,NEEDS_REVIEW
DOC0001016,C000491,Rekening Koran,2026-02-25,0.996,0.911,11,9,2897,VALID
DOC0001017,C000063,Form Aplikasi,2024-01-31,1.0,0.864,4,7,2388,VALID
DOC0001018,C000045,Slip Gaji,2026-09-03,0.764,0.92,4,8,1134,VALID
DOC0001019,C000142,Surat Kerja,2026-03-04,0.905,0.859,5,11,4530,NEEDS_REVIEW
DOC0001020,C000458,KTP,2025-02-26,0.575,0.864,9,9,2597,NEEDS_REVIEW
DOC0001021,C000178,Form Aplikasi,2024-06-22,0.916,0.987,6,7,2836,NEEDS_REVIEW
DOC0001022,C000674,Form Aplikasi,2025-06-09,0.638,0.823,10,10,197,INVALID
DOC0001023,C000521,NPWP,2025-05-12,0.599,0.866,0,6,2165,VALID
DOC0001024,C000668,Slip Gaji,2024-08-12,0.764,0.85,5,6,1258,VALID
DOC0001025,C000404,Rekening Koran,2026-02-09,0.975,0.899,8,7,970,VALID
DOC0001026,C000402,NPWP,2025-01-08,0.912,0.948,6,7,1119,VALID
DOC0001027,C000192,Rekening Koran,2025-03-01,1.0,0.885,5,9,4328,VALID
DOC0001028,C000395,Form Aplikasi,2025-02-03,0.899,0.806,11,9,1880,VALID
DOC0001029,C000107,Rekening Koran,2025-06-14,0.693,1.0,7,9,3713,VALID
DOC0001030,C000178,Rekening Koran,2024-04-01,0.876,0.964,9,11,1170,VALID
DOC0001031,C000550,Rekening Koran,2025-03-20,0.907,0.943,10,10,1394,NEEDS_REVIEW
DOC0001032,C000412,Rekening Koran,2026-04-28,0.892,1.0,0,7,1791,VALID
DOC0001033,C000587,Form Aplikasi,2024-12-17,0.858,0.895,6,6,4198,VALID
DOC0001034,C000509,Form Aplikasi,2026-02-28,0.973,0.963,4,10,4766,VALID
DOC0001035,C000615,Slip Gaji,2025-03-03,1.0,0.833,4,10,1070,VALID
DOC0001036,C000206,Slip Gaji,2026-07-06,0.858,0.823,10,10,2739,VALID
DOC0001037,C000254,Rekening Koran,2025-12-13,0.795,0.97,5,10,356,NEEDS_REVIEW
DOC0001038,C000171,Slip Gaji,2026-05-30,0.811,1.0,6,10,2458,VALID
DOC0001039,C000523,Surat Kerja,2025-11-17,1.0,0.97,0,10,734,VALID
DOC0001040,C000481,Slip Gaji,2025-12-02,0.897,0.775,6,9,1873,VALID
DOC0001041,C000680,NPWP,2025-07-23,0.802,0.987,11,9,1097,INVALID
DOC0001042,C000308,Surat Kerja,2024-05-26,0.963,0.803,6,6,2106,VALID
DOC0001043,C000485,Slip Gaji,2024-11-07,0.843,0.759,6,11,4391,VALID
DOC0001044,C000501,NPWP,2024-03-10,0.727,0.877,11,7,2312,VALID
DOC0001045,C000151,Rekening Koran,2024-02-10,0.756,0.867,6,10,3976,VALID
DOC0001046,C000204,Surat Kerja,2024-08-30,1.0,0.993,0,10,706,VALID
DOC0001047,C000064,Rekening Koran,2026-01-16,0.835,0.86,9,10,4301,VALID
DOC0001048,C000024,Slip Gaji,2024-02-06,0.636,0.85,9,6,3903,NEEDS_REVIEW
DOC0001049,C000373,Slip Gaji,2026-08-06,0.804,0.819,4,6,3307,VALID
DOC0001050,C000252,Slip Gaji,2025-04-03,0.801,0.962,11,8,587,VALID
DOC0001051,C000636,NPWP,2025-01-18,1.0,0.817,10,7,1841,VALID
DOC0001052,C000251,Form Aplikasi,2025-01-13,0.776,0.852,8,11,4158,VALID
DOC0001053,C000112,Form Aplikasi,2024-12-28,0.88,0.954,11,11,3932,NEEDS_REVIEW
DOC0001054,C000686,KTP,2025-11-05,0.938,0.823,7,11,4083,VALID
DOC0001055,C000055,KTP,2026-04-25,0.989,0.875,0,7,3488,VALID
DOC0001056,C000052,KTP,2025-07-11,0.913,0.713,5,7,3885,VALID
DOC0001057,C000160,NPWP,2024-05-14,0.777,0.925,6,10,4668,VALID
DOC0001058,C000617,Form Aplikasi,2024-10-13,0.795,0.755,4,6,3040,VALID
DOC0001059,C000586,Slip Gaji,2025-12-07,0.855,0.954,5,7,1356,VALID
DOC0001060,C000626,KTP,2025-12-11,0.987,0.903,10,6,2023,VALID
DOC0001061,C000030,KTP,2025-11-12,0.892,0.895,11,10,4207,NEEDS_REVIEW
DOC0001062,C000291,Rekening Koran,2026-06-22,0.82,0.882,7,11,3046,VALID
DOC0001063,C000538,Form Aplikasi,2024-07-04,0.716,0.864,8,10,4725,VALID
DOC0001064,C000234,KTP,2026-05-13,0.976,0.898,5,7,3348,VALID
DOC0001065,C000666,Form Aplikasi,2024-01-21,0.874,0.94,9,8,2763,INVALID
DOC0001066,C000283,NPWP,2026-04-20,0.938,0.827,4,8,1174,VALID
DOC0001067,C000002,Surat Kerja,2025-10-17,1.0,0.825,5,9,1377,NEEDS_REVIEW
DOC0001068,C000071,Slip Gaji,2025-02-17,1.0,0.933,6,11,4336,VALID
DOC0001069,C000414,Slip Gaji,2025-12-04,0.893,0.892,0,11,3899,VALID
DOC0001070,C000301,KTP,2025-08-17,0.979,0.956,10,11,2332,NEEDS_REVIEW
DOC0001071,C000544,Surat Kerja,2024-07-28,0.657,0.879,11,8,1971,NEEDS_REVIEW
DOC0001072,C000526,Surat Kerja,2025-01-29,0.728,0.827,6,11,3571,NEEDS_REVIEW
DOC0001073,C000069,Slip Gaji,2025-10-08,0.965,0.905,6,6,259,VALID
DOC0001074,C000090,KTP,2026-08-31,0.945,0.877,5,8,2289,NEEDS_REVIEW
DOC0001075,C000068,KTP,2025-05-03,1.0,0.818,8,7,3487,VALID
DOC0001076,C000431,Rekening Koran,2024-07-30,0.859,0.872,5,9,2356,VALID
DOC0001077,C000101,KTP,2024-12-05,0.834,1.0,0,6,4306,VALID
DOC0001078,C000583,Rekening Koran,2025-06-12,0.949,0.956,7,10,258,VALID
DOC0001079,C000508,KTP,2024-12-28,0.841,0.775,8,9,1535,VALID
DOC0001080,C000635,Surat Kerja,2026-08-04,0.858,0.999,10,8,1250,VALID
DOC0001081,C000278,Slip Gaji,2026-07-27,0.766,0.754,11,6,1832,VALID
DOC0001082,C000545,NPWP,2025-11-29,0.772,0.867,4,10,1010,VALID
DOC0001083,C000577,Rekening Koran,2024-11-10,0.949,0.926,6,6,1470,VALID
DOC0001084,C000241,Slip Gaji,2024-10-10,0.689,1.0,11,7,760,VALID
DOC0001085,C000578,Rekening Koran,2024-08-13,0.9,0.964,8,7,4870,NEEDS_REVIEW
DOC0001086,C000442,Slip Gaji,2024-08-02,0.748,0.895,5,7,1589,VALID
DOC0001087,C000156,NPWP,2024-06-09,0.828,0.963,7,11,4826,VALID
DOC0001088,C000164,Rekening Koran,2025-08-15,0.732,0.927,5,9,3760,VALID
DOC0001089,C000378,Slip Gaji,2025-06-18,0.852,0.903,0,8,639,VALID
DOC0001090,C000650,Rekening Koran,2026-09-10,0.691,0.863,10,6,640,NEEDS_REVIEW
DOC0001091,C000590,Rekening Koran,2026-06-22,1.0,1.0,6,6,826,VALID
DOC0001092,C000686,NPWP,2025-11-02,0.838,0.775,6,11,3216,NEEDS_REVIEW
DOC0001093,C000496,Form Aplikasi,2025-03-04,0.931,1.0,4,6,3665,VALID
DOC0001094,C000596,Rekening Koran,2024-12-04,0.801,0.836,6,6,4610,VALID
DOC0001095,C000289,Surat Kerja,2024-05-17,0.896,0.953,5,7,2744,NEEDS_REVIEW
DOC0001096,C000146,NPWP,2024-11-17,0.893,1.0,8,9,3368,VALID
DOC0001097,C000623,Form Aplikasi,2024-02-29,0.512,0.832,6,7,2458,VALID
DOC0001098,C000109,Slip Gaji,2026-03-15,0.927,0.885,9,9,4180,VALID
DOC0001099,C000527,Surat Kerja,2024-07-19,0.746,1.0,10,10,2142,VALID
DOC0001100,C000657,Form Aplikasi,2026-03-31,0.936,1.0,6,11,2478,VALID
DOC0001101,C000225,Surat Kerja,2026-09-01,0.853,1.0,10,10,3878,VALID
DOC0001102,C000648,Rekening Koran,2025-08-02,0.716,0.894,4,9,904,VALID
DOC0001103,C000272,Slip Gaji,2026-07-03,1.0,0.965,0,8,3465,VALID
DOC0001104,C000604,Slip Gaji,2025-11-04,0.858,1.0,5,8,4702,VALID
DOC0001105,C000154,Surat Kerja,2025-09-27,0.653,0.967,6,6,4854,NEEDS_REVIEW
DOC0001106,C000210,KTP,2024-11-12,0.76,0.968,6,11,538,VALID
DOC0001107,C000609,Rekening Koran,2026-02-16,0.89,0.984,0,11,2472,VALID
DOC0001108,C000606,Surat Kerja,2024-10-25,1.0,0.979,5,6,3228,VALID
DOC0001109,C000492,Slip Gaji,2025-08-07,0.938,0.826,4,8,2086,VALID
DOC0001110,C000513,Rekening Koran,2024-07-29,0.917,0.988,8,7,3164,VALID
DOC0001111,C000132,KTP,2024-01-24,0.907,0.896,9,7,2654,INVALID
DOC0001112,C000368,NPWP,2025-12-02,0.651,0.913,11,8,2464,VALID
DOC0001113,C000266,Form Aplikasi,2025-07-07,0.989,0.907,6,6,1715,VALID
DOC0001114,C000295,Slip Gaji,2024-08-09,0.821,0.902,9,7,4195,VALID
DOC0001115,C000272,Rekening Koran,2025-02-26,0.888,0.781,8,7,1749,NEEDS_REVIEW
DOC0001116,C000270,NPWP,2024-04-24,0.732,0.963,7,8,2282,VALID
DOC0001117,C000293,Rekening Koran,2024-03-01,0.784,0.923,11,10,2200,VALID
DOC0001118,C000353,NPWP,2024-10-24,0.92,0.844,5,7,3585,NEEDS_REVIEW
DOC0001119,C000479,Surat Kerja,2025-11-12,0.86,0.898,6,6,1522,NEEDS_REVIEW
DOC0001120,C000579,Form Aplikasi,2024-01-16,0.728,0.977,10,9,3306,NEEDS_REVIEW
DOC0001121,C000103,Rekening Koran,2024-12-08,0.809,0.956,8,9,945,VALID
DOC0001122,C000006,Form Aplikasi,2024-10-07,0.89,0.916,7,8,4009,NEEDS_REVIEW
DOC0001123,C000131,Surat Kerja,2024-06-21,0.719,0.83,11,11,3893,VALID
DOC0001124,C000016,Surat Kerja,2024-09-25,0.724,1.0,11,9,1053,VALID
DOC0001125,C000221,Form Aplikasi,2026-08-10,0.879,0.956,7,9,2805,INVALID
DOC0001126,C000461,NPWP,2025-11-18,0.855,0.92,8,10,1855,VALID
DOC0001127,C000161,Rekening Koran,2026-03-12,0.918,0.947,8,10,2324,VALID
DOC0001128,C000315,Surat Kerja,2026-02-26,0.822,0.967,8,8,3886,INVALID
DOC0001129,C000360,KTP,2026-07-30,0.961,0.83,8,11,4496,NEEDS_REVIEW
DOC0001130,C000283,NPWP,2024-02-19,0.81,0.924,8,8,109,VALID
DOC0001131,C000599,KTP,2026-02-16,0.993,0.862,6,9,3037,NEEDS_REVIEW
DOC0001132,C000168,Form Aplikasi,2024-10-21,0.935,0.869,11,9,2018,VALID
DOC0001133,C000435,KTP,2026-07-17,0.915,0.948,5,8,3702,VALID
DOC0001134,C000677,KTP,2026-08-09,0.637,0.964,9,10,1382,VALID
DOC0001135,C000298,KTP,2024-02-08,0.964,0.815,10,6,1303,VALID
DOC0001136,C000664,Slip Gaji,2026-08-28,1.0,0.902,11,11,1762,VALID
DOC0001137,C000602,Rekening Koran,2026-01-15,0.641,0.986,6,9,1333,VALID
DOC0001138,C000559,Surat Kerja,2025-04-16,0.82,0.977,6,11,4382,VALID
DOC0001139,C000306,Form Aplikasi,2024-08-31,1.0,0.917,9,11,4592,VALID
DOC0001140,C000319,Surat Kerja,2025-05-20,0.858,0.864,7,8,4757,VALID
DOC0001141,C000476,Slip Gaji,2024-01-23,1.0,0.897,4,8,1593,VALID
DOC0001142,C000374,Surat Kerja,2025-08-15,0.625,0.902,7,11,3216,VALID
DOC0001143,C000408,Form Aplikasi,2024-02-13,0.914,1.0,11,9,4167,VALID
DOC0001144,C000454,Rekening Koran,2024-12-25,0.814,0.856,11,8,3337,VALID
DOC0001145,C000676,Surat Kerja,2024-08-10,0.878,0.961,5,10,3541,VALID
DOC0001146,C000450,KTP,2026-04-15,0.849,0.973,5,11,3654,NEEDS_REVIEW
DOC0001147,C000126,KTP,2025-08-24,0.839,0.992,0,11,1567,NEEDS_REVIEW
DOC0001148,C000179,Form Aplikasi,2025-02-15,0.853,0.952,0,11,3214,VALID
DOC0001149,C000050,Slip Gaji,2025-04-23,0.886,0.854,0,6,1480,NEEDS_REVIEW
DOC0001150,C000153,Slip Gaji,2024-02-27,0.977,0.903,5,7,2125,VALID
DOC0001151,C000322,Slip Gaji,2024-08-03,0.952,1.0,6,7,1103,VALID
DOC0001152,C000461,Rekening Koran,2025-05-05,0.921,0.888,11,11,1768,VALID
DOC0001153,C000646,NPWP,2024-08-31,0.796,0.922,11,6,409,VALID
DOC0001154,C000424,KTP,2026-09-12,0.862,0.955,5,10,4092,VALID
DOC0001155,C000543,KTP,2025-03-25,0.664,0.926,5,10,706,INVALID
DOC0001156,C000540,KTP,2024-09-13,0.997,0.917,5,6,3385,INVALID
DOC0001157,C000025,Rekening Koran,2024-08-19,0.893,1.0,4,8,1439,VALID
DOC0001158,C000348,Slip Gaji,2024-07-29,1.0,0.974,8,6,3049,VALID
DOC0001159,C000025,Surat Kerja,2025-01-20,0.866,0.887,4,10,211,VALID
DOC0001160,C000409,Rekening Koran,2024-02-26,0.786,0.984,10,10,1522,VALID
DOC0001161,C000525,Form Aplikasi,2026-08-09,0.795,0.837,6,6,1178,VALID
DOC0001162,C000414,Rekening Koran,2025-01-13,0.837,0.954,10,8,267,VALID
DOC0001163,C000549,KTP,2026-05-07,0.791,0.936,8,10,2055,VALID
DOC0001164,C000545,Surat Kerja,2026-05-06,0.974,1.0,10,10,1098,VALID
DOC0001165,C000580,Slip Gaji,2024-08-05,0.885,0.93,5,11,3010,VALID
DOC0001166,C000569,NPWP,2024-09-26,0.844,0.871,11,11,572,VALID
DOC0001167,C000395,KTP,2024-03-22,0.753,0.92,9,6,963,VALID
DOC0001168,C000107,Form Aplikasi,2026-03-09,0.739,0.761,8,11,737,VALID
DOC0001169,C000177,Slip Gaji,2026-05-12,0.643,0.934,10,10,4436,INVALID
DOC0001170,C000124,Surat Kerja,2024-11-26,0.945,0.731,8,9,1703,VALID
DOC0001171,C000095,KTP,2025-01-28,0.839,0.912,10,7,2785,VALID
DOC0001172,C000018,Form Aplikasi,2026-02-27,0.853,1.0,6,9,108,NEEDS_REVIEW
DOC0001173,C000673,Slip Gaji,2026-01-02,1.0,0.87,11,6,1970,VALID
DOC0001174,C000531,Surat Kerja,2025-10-02,0.867,0.911,8,11,2558,NEEDS_REVIEW
DOC0001175,C000125,KTP,2026-04-29,0.952,0.864,7,8,481,VALID
DOC0001176,C000197,KTP,2026-01-01,0.986,0.858,6,6,4491,VALID
DOC0001177,C000419,NPWP,2024-06-24,0.966,1.0,11,7,2003,VALID
DOC0001178,C000179,NPWP,2024-05-15,0.805,0.888,4,11,4824,VALID
DOC0001179,C000177,Slip Gaji,2024-01-25,0.877,0.82,4,9,2407,VALID
DOC0001180,C000588,Rekening Koran,2025-02-10,0.932,0.958,6,6,272,VALID
DOC0001181,C000542,Slip Gaji,2024-12-09,0.864,0.97,7,6,3631,NEEDS_REVIEW
DOC0001182,C000561,KTP,2025-09-26,0.518,0.884,10,10,2700,INVALID
DOC0001183,C000026,Surat Kerja,2025-06-07,0.857,1.0,4,9,1255,VALID
DOC0001184,C000668,KTP,2024-11-15,0.824,0.897,9,8,1735,VALID
DOC0001185,C000663,Rekening Koran,2026-04-30,1.0,0.801,6,7,2543,VALID
DOC0001186,C000523,Rekening Koran,2025-02-09,0.834,0.956,5,11,4513,VALID
DOC0001187,C000523,Surat Kerja,2025-09-10,0.871,0.851,7,7,3763,NEEDS_REVIEW
DOC0001188,C000578,Slip Gaji,2025-01-14,1.0,0.941,8,11,3165,NEEDS_REVIEW
DOC0001189,C000566,Slip Gaji,2025-10-24,0.898,0.815,5,6,656,VALID
DOC0001190,C000185,Surat Kerja,2026-02-04,0.756,0.973,7,8,2237,VALID
DOC0001191,C000111,Rekening Koran,2025-12-23,0.677,0.806,6,7,3391,VALID
DOC0001192,C000396,NPWP,2024-01-03,0.641,0.91,7,9,3269,VALID
DOC0001193,C000258,Rekening Koran,2025-04-20,1.0,0.882,10,11,1999,INVALID
DOC0001194,C000592,Slip Gaji,2024-02-26,0.893,0.945,9,10,1519,VALID
DOC0001195,C000437,Rekening Koran,2026-09-02,0.836,0.79,9,9,1462,NEEDS_REVIEW
DOC0001196,C000050,Slip Gaji,2024-02-01,0.852,0.945,10,8,278,NEEDS_REVIEW
DOC0001197,C000300,Surat Kerja,2025-12-28,1.0,0.801,10,6,1290,VALID
DOC0001198,C000346,KTP,2024-01-30,1.0,1.0,10,10,3309,VALID
DOC0001199,C000023,Surat Kerja,2024-06-02,0.837,0.882,10,7,3281,VALID
DOC0001200,C000436,Surat Kerja,2025-12-12,0.797,1.0,7,8,4142,VALID
