Account_ID,Outgoing_Tx,Total_Outgoing,Avg_Outgoing,Unique_Beneficiaries,Fraudulent_Outgoing,Fraud_Rate
A00001,5,4495000.0,899000.0,5,0,0.0
A00002,10,17306000.0,1730600.0,10,0,0.0
A00003,4,4406000.0,1101500.0,3,0,0.0
A00004,6,9511000.0,1585166.6666666667,6,0,0.0
A00005,5,4629000.0,925800.0,5,0,0.0
A00006,14,25022000.0,1787285.7142857143,14,0,0.0
A00007,3,7937000.0,2645666.6666666665,3,0,0.0
A00008,4,10242000.0,2560500.0,4,0,0.0
A00009,5,8086000.0,1617200.0,5,0,0.0
A00010,6,15007000.0,2501166.6666666665,6,0,0.0
A00011,5,3771000.0,754200.0,5,0,0.0
A00012,4,9905000.0,2476250.0,4,0,0.0
A00013,4,5512000.0,1378000.0,4,0,0.0
A00014,4,6066000.0,1516500.0,4,0,0.0
A00015,8,25513000.0,3189125.0,8,0,0.0
A00016,2,1365000.0,682500.0,2,0,0.0
A00017,4,9285000.0,2321250.0,4,1,0.25
A00018,4,6494000.0,1623500.0,4,0,0.0
A00019,6,12922000.0,2153666.6666666665,6,1,0.16666666666666666
A00020,8,18643000.0,2330375.0,8,0,0.0
A00021,4,7651000.0,1912750.0,4,0,0.0
A00022,3,5978000.0,1992666.6666666667,3,0,0.0
A00023,4,6299000.0,1574750.0,4,0,0.0
A00024,2,2058000.0,1029000.0,2,0,0.0
A00025,6,5955000.0,992500.0,6,0,0.0
A00026,4,2788000.0,697000.0,4,0,0.0
A00027,7,14533000.0,2076142.857142857,7,0,0.0
A00028,3,5649000.0,1883000.0,3,0,0.0
A00029,9,9865000.0,1096111.111111111,9,0,0.0
A00030,4,2570000.0,642500.0,4,0,0.0
A00031,7,9740000.0,1391428.5714285714,7,0,0.0
A00032,10,22205000.0,2220500.0,10,0,0.0
A00033,5,4959000.0,991800.0,5,0,0.0
A00034,3,10760000.0,3586666.6666666665,3,0,0.0
A00035,2,3876000.0,1938000.0,2,0,0.0
A00036,7,9322000.0,1331714.2857142857,7,0,0.0
A00037,8,17379000.0,2172375.0,8,0,0.0
A00038,8,20919000.0,2614875.0,8,0,0.0
A00039,5,14567000.0,2913400.0,5,0,0.0
A00040,6,13181000.0,2196833.3333333335,6,1,0.16666666666666666
A00041,5,13092000.0,2618400.0,5,0,0.0
A00042,4,27337000.0,6834250.0,4,0,0.0
A00043,7,14872000.0,2124571.4285714286,6,0,0.0
A00044,9,12149000.0,1349888.888888889,9,0,0.0
A00045,8,15492000.0,1936500.0,8,0,0.0
A00046,3,5016000.0,1672000.0,3,0,0.0
A00047,8,17806000.0,2225750.0,8,0,0.0
A00048,7,5485000.0,783571.4285714285,7,0,0.0
A00049,7,10412000.0,1487428.5714285714,7,0,0.0
A00050,3,4042000.0,1347333.3333333333,3,0,0.0
A00051,5,7030000.0,1406000.0,5,0,0.0
A00052,6,13243000.0,2207166.6666666665,6,0,0.0
A00053,2,8018000.0,4009000.0,2,0,0.0
A00054,6,7610000.0,1268333.3333333333,6,0,0.0
A00055,5,8557000.0,1711400.0,5,0,0.0
A00056,7,10986000.0,1569428.5714285714,7,0,0.0
A00057,8,6740000.0,842500.0,8,1,0.125
A00058,2,2720000.0,1360000.0,2,0,0.0
A00059,7,9479000.0,1354142.857142857,7,0,0.0
A00060,5,26945000.0,5389000.0,5,0,0.0
A00061,5,31408000.0,6281600.0,5,0,0.0
A00062,9,15141000.0,1682333.3333333333,9,0,0.0
A00063,5,5431000.0,1086200.0,5,0,0.0
A00064,4,5404000.0,1351000.0,4,0,0.0
A00065,3,1193000.0,397666.6666666667,3,0,0.0
A00066,5,10209000.0,2041800.0,5,0,0.0
A00067,6,10923000.0,1820500.0,6,1,0.16666666666666666
A00068,3,9522000.0,3174000.0,3,0,0.0
A00069,9,27408000.0,3045333.3333333335,9,0,0.0
A00070,6,15734000.0,2622333.3333333335,6,0,0.0
A00071,7,32269000.0,4609857.142857143,7,0,0.0
A00072,7,14998000.0,2142571.4285714286,7,0,0.0
A00073,11,13866000.0,1260545.4545454546,11,0,0.0
A00074,7,11047000.0,1578142.857142857,7,0,0.0
A00075,7,35253000.0,5036142.857142857,7,0,0.0
A00076,4,8222000.0,2055500.0,4,0,0.0
A00077,5,9302000.0,1860400.0,5,0,0.0
A00078,5,8897000.0,1779400.0,5,0,0.0
A00079,4,4154000.0,1038500.0,4,0,0.0
A00080,7,38667000.0,5523857.142857143,7,0,0.0
A00081,10,8926000.0,892600.0,10,0,0.0
A00082,6,9007000.0,1501166.6666666667,6,1,0.16666666666666666
A00083,8,23864000.0,2983000.0,8,0,0.0
A00084,7,13898000.0,1985428.5714285714,7,0,0.0
A00085,7,36232000.0,5176000.0,7,0,0.0
A00086,7,9782000.0,1397428.5714285714,7,0,0.0
A00087,9,12419000.0,1379888.888888889,9,0,0.0
A00088,6,24561000.0,4093500.0,6,0,0.0
A00089,6,11777000.0,1962833.3333333333,5,0,0.0
A00090,4,8927000.0,2231750.0,4,0,0.0
A00091,4,4737000.0,1184250.0,4,0,0.0
A00092,5,5636000.0,1127200.0,5,0,0.0
A00093,4,10671000.0,2667750.0,3,0,0.0
A00094,7,10492000.0,1498857.142857143,7,0,0.0
A00095,4,9869000.0,2467250.0,4,0,0.0
A00096,4,33607000.0,8401750.0,4,0,0.0
A00097,8,8319000.0,1039875.0,8,0,0.0
A00098,4,2477000.0,619250.0,4,0,0.0
A00099,4,4645000.0,1161250.0,4,0,0.0
A00100,6,10915000.0,1819166.6666666667,6,0,0.0
A00101,1,561000.0,561000.0,1,0,0.0
A00102,6,5591000.0,931833.3333333334,6,0,0.0
A00103,4,21746000.0,5436500.0,4,0,0.0
A00104,7,10478000.0,1496857.142857143,7,0,0.0
A00105,8,10080000.0,1260000.0,8,0,0.0
A00106,5,6003000.0,1200600.0,5,0,0.0
A00107,9,19804000.0,2200444.4444444445,9,0,0.0
A00108,5,7145000.0,1429000.0,5,0,0.0
A00109,9,14738000.0,1637555.5555555555,9,0,0.0
A00110,3,10345000.0,3448333.3333333335,3,0,0.0
A00111,6,6884000.0,1147333.3333333333,6,0,0.0
A00112,7,25774000.0,3682000.0,7,0,0.0
A00113,7,8931000.0,1275857.142857143,7,0,0.0
A00114,5,26938000.0,5387600.0,5,1,0.2
A00115,7,9401000.0,1343000.0,7,0,0.0
A00116,4,4863000.0,1215750.0,4,0,0.0
A00117,9,45436000.0,5048444.444444444,9,1,0.1111111111111111
A00118,9,27315000.0,3035000.0,8,0,0.0
A00119,7,12536000.0,1790857.142857143,7,0,0.0
A00120,6,46779000.0,7796500.0,6,0,0.0
A00121,7,18752000.0,2678857.1428571427,7,0,0.0
A00122,7,15568000.0,2224000.0,6,0,0.0
A00123,5,5339000.0,1067800.0,5,0,0.0
A00124,10,17315000.0,1731500.0,9,0,0.0
A00125,5,7568000.0,1513600.0,5,0,0.0
A00126,9,22439000.0,2493222.222222222,9,0,0.0
A00127,5,5026000.0,1005200.0,5,0,0.0
A00128,7,10656000.0,1522285.7142857143,7,0,0.0
A00129,8,18042000.0,2255250.0,8,0,0.0
A00130,3,6075000.0,2025000.0,3,0,0.0
A00131,7,24845000.0,3549285.714285714,7,0,0.0
A00132,5,5832000.0,1166400.0,5,0,0.0
A00133,6,9865000.0,1644166.6666666667,6,0,0.0
A00134,5,5284000.0,1056800.0,5,0,0.0
A00135,9,20006000.0,2222888.888888889,9,0,0.0
A00136,3,4809000.0,1603000.0,3,0,0.0
A00137,9,21822000.0,2424666.6666666665,9,0,0.0
A00138,4,4656000.0,1164000.0,4,0,0.0
A00139,5,16020000.0,3204000.0,5,0,0.0
A00140,4,5569000.0,1392250.0,4,0,0.0
A00141,2,6996000.0,3498000.0,2,0,0.0
A00142,4,9597000.0,2399250.0,4,0,0.0
A00143,11,20324000.0,1847636.3636363635,11,0,0.0
A00144,4,18673000.0,4668250.0,4,0,0.0
A00145,6,15130000.0,2521666.6666666665,6,0,0.0
A00146,2,3557000.0,1778500.0,2,0,0.0
A00147,6,5704000.0,950666.6666666666,6,0,0.0
A00148,2,1994000.0,997000.0,2,0,0.0
A00149,10,16546000.0,1654600.0,10,0,0.0
A00150,5,9133000.0,1826600.0,5,0,0.0
A00151,4,6531000.0,1632750.0,4,0,0.0
A00152,3,935000.0,311666.6666666667,3,0,0.0
A00153,7,18031000.0,2575857.1428571427,7,0,0.0
A00154,9,16609000.0,1845444.4444444445,9,1,0.1111111111111111
A00155,8,18509000.0,2313625.0,8,0,0.0
A00156,6,21879000.0,3646500.0,6,0,0.0
A00157,3,20688000.0,6896000.0,3,0,0.0
A00158,8,8128000.0,1016000.0,8,0,0.0
A00159,7,12713000.0,1816142.857142857,7,0,0.0
A00160,8,12466000.0,1558250.0,8,0,0.0
A00161,7,15465000.0,2209285.714285714,7,0,0.0
A00162,4,5759000.0,1439750.0,4,0,0.0
A00163,9,17155000.0,1906111.111111111,8,0,0.0
A00164,3,2353000.0,784333.3333333334,3,0,0.0
A00165,6,6729000.0,1121500.0,6,1,0.16666666666666666
A00166,8,8852000.0,1106500.0,8,1,0.125
A00167,6,10100000.0,1683333.3333333333,6,0,0.0
A00168,6,13747000.0,2291166.6666666665,6,0,0.0
A00169,8,22734000.0,2841750.0,8,0,0.0
A00170,4,8792000.0,2198000.0,4,1,0.25
A00171,4,3550000.0,887500.0,4,0,0.0
A00172,10,25937000.0,2593700.0,10,0,0.0
A00173,8,15657000.0,1957125.0,8,0,0.0
A00174,4,11815000.0,2953750.0,4,0,0.0
A00175,2,3271000.0,1635500.0,2,0,0.0
A00176,4,7382000.0,1845500.0,4,0,0.0
A00177,4,9949000.0,2487250.0,4,0,0.0
A00178,6,21959000.0,3659833.3333333335,6,0,0.0
A00179,7,16715000.0,2387857.1428571427,6,0,0.0
A00180,9,13841000.0,1537888.888888889,9,0,0.0
A00181,5,6190000.0,1238000.0,5,0,0.0
A00182,10,13018000.0,1301800.0,10,0,0.0
A00183,4,4050000.0,1012500.0,4,0,0.0
A00184,7,7147000.0,1021000.0,7,0,0.0
A00185,11,19133000.0,1739363.6363636365,10,0,0.0
A00186,7,5968000.0,852571.4285714285,7,0,0.0
A00187,10,25234000.0,2523400.0,10,0,0.0
A00188,5,14746000.0,2949200.0,4,0,0.0
A00189,4,10126000.0,2531500.0,4,0,0.0
A00190,6,13119000.0,2186500.0,6,0,0.0
A00191,7,7045000.0,1006428.5714285715,7,0,0.0
A00192,3,17467000.0,5822333.333333333,3,0,0.0
A00193,9,16133000.0,1792555.5555555555,9,0,0.0
A00194,6,15232000.0,2538666.6666666665,6,0,0.0
A00195,9,9189000.0,1021000.0,9,0,0.0
A00196,7,30978000.0,4425428.571428572,7,0,0.0
A00197,3,9915000.0,3305000.0,3,0,0.0
A00198,6,8563000.0,1427166.6666666667,6,0,0.0
A00199,8,24937000.0,3117125.0,8,0,0.0
A00200,6,8193000.0,1365500.0,6,0,0.0
A00201,4,16198000.0,4049500.0,4,0,0.0
A00202,5,6406000.0,1281200.0,5,0,0.0
A00203,3,2995000.0,998333.3333333334,3,0,0.0
A00204,10,10547000.0,1054700.0,10,0,0.0
A00205,4,5783000.0,1445750.0,4,0,0.0
A00206,2,6085000.0,3042500.0,2,0,0.0
A00207,6,9261000.0,1543500.0,6,0,0.0
A00208,6,17162000.0,2860333.3333333335,6,0,0.0
A00209,3,14025000.0,4675000.0,3,0,0.0
A00210,12,18191000.0,1515916.6666666667,12,1,0.08333333333333333
A00211,4,2572000.0,643000.0,4,0,0.0
A00212,7,7353000.0,1050428.5714285714,7,0,0.0
A00213,8,21214000.0,2651750.0,8,0,0.0
A00214,9,10295000.0,1143888.888888889,9,0,0.0
A00215,4,3541000.0,885250.0,4,0,0.0
A00216,6,43189000.0,7198166.666666667,6,0,0.0
A00217,5,11944000.0,2388800.0,5,0,0.0
A00218,6,28533000.0,4755500.0,6,1,0.16666666666666666
A00219,4,8687000.0,2171750.0,4,0,0.0
A00220,4,10385000.0,2596250.0,4,0,0.0
A00221,7,11887000.0,1698142.857142857,7,0,0.0
A00222,5,7281000.0,1456200.0,5,0,0.0
A00223,9,8047000.0,894111.1111111111,8,0,0.0
A00224,5,8126000.0,1625200.0,5,0,0.0
A00225,8,13937000.0,1742125.0,7,0,0.0
A00226,10,22261000.0,2226100.0,10,0,0.0
A00227,9,14986000.0,1665111.111111111,8,0,0.0
A00228,8,18482000.0,2310250.0,7,1,0.125
A00229,7,14566000.0,2080857.142857143,7,0,0.0
A00230,3,3642000.0,1214000.0,3,0,0.0
A00231,7,25576000.0,3653714.285714286,7,0,0.0
A00232,7,15821000.0,2260142.8571428573,7,0,0.0
A00233,4,9838000.0,2459500.0,4,0,0.0
A00234,7,13641000.0,1948714.2857142857,7,0,0.0
A00235,7,30385000.0,4340714.285714285,6,0,0.0
A00236,3,5181000.0,1727000.0,3,0,0.0
A00237,7,11411000.0,1630142.857142857,7,0,0.0
A00238,9,14072000.0,1563555.5555555555,8,0,0.0
A00239,6,6713000.0,1118833.3333333333,6,1,0.16666666666666666
A00240,8,10691000.0,1336375.0,8,1,0.125
A00241,7,9802000.0,1400285.7142857143,7,0,0.0
A00242,4,5777000.0,1444250.0,4,0,0.0
A00243,8,19720000.0,2465000.0,8,0,0.0
A00244,6,10451000.0,1741833.3333333333,6,0,0.0
A00245,6,5535000.0,922500.0,6,0,0.0
A00246,4,5842000.0,1460500.0,4,0,0.0
A00247,5,16760000.0,3352000.0,5,0,0.0
A00248,6,8954000.0,1492333.3333333333,6,0,0.0
A00249,8,14695000.0,1836875.0,8,0,0.0
A00250,4,3843000.0,960750.0,4,0,0.0
A00251,6,10055000.0,1675833.3333333333,6,0,0.0
A00252,7,23984000.0,3426285.714285714,6,0,0.0
A00253,6,12603000.0,2100500.0,5,0,0.0
A00254,6,15607000.0,2601166.6666666665,6,0,0.0
A00255,8,26891000.0,3361375.0,8,0,0.0
A00256,4,10551000.0,2637750.0,4,1,0.25
A00257,2,15635000.0,7817500.0,2,0,0.0
A00258,6,12242000.0,2040333.3333333333,6,0,0.0
A00259,9,25498000.0,2833111.111111111,9,1,0.1111111111111111
A00260,7,11914000.0,1702000.0,7,0,0.0
A00261,3,5859000.0,1953000.0,3,0,0.0
A00262,3,14375000.0,4791666.666666667,3,0,0.0
A00263,4,10338000.0,2584500.0,4,0,0.0
A00264,7,8115000.0,1159285.7142857143,7,0,0.0
A00265,8,15547000.0,1943375.0,8,0,0.0
A00266,6,15514000.0,2585666.6666666665,6,0,0.0
A00267,12,22578000.0,1881500.0,12,0,0.0
A00268,3,5951000.0,1983666.6666666667,3,0,0.0
A00269,5,8538000.0,1707600.0,5,0,0.0
A00270,8,18440000.0,2305000.0,8,0,0.0
A00271,6,19732000.0,3288666.6666666665,6,0,0.0
A00272,7,11703000.0,1671857.142857143,6,0,0.0
A00273,5,4866000.0,973200.0,5,0,0.0
A00274,6,11041000.0,1840166.6666666667,6,0,0.0
A00275,4,6426000.0,1606500.0,4,0,0.0
A00276,2,977000.0,488500.0,2,0,0.0
A00277,6,5723000.0,953833.3333333334,6,0,0.0
A00278,4,19808000.0,4952000.0,4,0,0.0
A00279,2,6546000.0,3273000.0,2,0,0.0
A00280,7,108163000.0,15451857.142857144,7,0,0.0
A00281,5,8710000.0,1742000.0,5,0,0.0
A00282,6,15602000.0,2600333.3333333335,6,0,0.0
A00283,7,7778000.0,1111142.857142857,7,0,0.0
A00284,7,30315000.0,4330714.285714285,7,1,0.14285714285714285
A00285,4,8865000.0,2216250.0,4,0,0.0
A00286,8,8762000.0,1095250.0,8,0,0.0
A00287,7,20880000.0,2982857.1428571427,7,0,0.0
A00288,1,253000.0,253000.0,1,0,0.0
A00289,9,18781000.0,2086777.7777777778,9,0,0.0
A00290,10,22637000.0,2263700.0,10,0,0.0
A00291,7,10115000.0,1445000.0,7,1,0.14285714285714285
A00292,3,1813000.0,604333.3333333334,3,0,0.0
A00293,5,6539000.0,1307800.0,5,0,0.0
A00294,12,15051000.0,1254250.0,12,0,0.0
A00295,8,57033000.0,7129125.0,7,0,0.0
A00296,6,20002000.0,3333666.6666666665,6,0,0.0
A00297,9,15140000.0,1682222.2222222222,8,0,0.0
A00298,6,12027000.0,2004500.0,6,0,0.0
A00299,9,13646000.0,1516222.2222222222,9,0,0.0
A00300,8,14188000.0,1773500.0,8,0,0.0
A00301,5,7665000.0,1533000.0,5,0,0.0
A00302,2,1478000.0,739000.0,2,0,0.0
A00303,5,10375000.0,2075000.0,5,0,0.0
A00304,7,11033000.0,1576142.857142857,7,0,0.0
A00305,6,7149000.0,1191500.0,6,0,0.0
A00306,8,26718000.0,3339750.0,8,0,0.0
A00307,12,20559000.0,1713250.0,12,0,0.0
A00308,1,215000.0,215000.0,1,0,0.0
A00309,12,22409000.0,1867416.6666666667,12,0,0.0
A00310,6,4672000.0,778666.6666666666,6,0,0.0
A00311,6,12898000.0,2149666.6666666665,6,0,0.0
A00312,3,14057000.0,4685666.666666667,3,0,0.0
A00313,6,11378000.0,1896333.3333333333,6,0,0.0
A00314,4,8071000.0,2017750.0,4,0,0.0
A00315,4,12341000.0,3085250.0,4,0,0.0
A00316,8,35517000.0,4439625.0,8,0,0.0
A00317,6,8318000.0,1386333.3333333333,6,0,0.0
A00318,10,29680000.0,2968000.0,10,0,0.0
A00319,7,5818000.0,831142.8571428572,7,0,0.0
A00320,2,4825000.0,2412500.0,2,0,0.0
A00321,4,4727000.0,1181750.0,3,0,0.0
A00322,3,2931000.0,977000.0,3,0,0.0
A00323,4,17525000.0,4381250.0,4,1,0.25
A00324,3,7980000.0,2660000.0,3,0,0.0
A00325,8,11090000.0,1386250.0,8,0,0.0
A00326,4,9112000.0,2278000.0,4,0,0.0
A00327,3,2127000.0,709000.0,3,0,0.0
A00328,9,15312000.0,1701333.3333333333,9,0,0.0
A00329,8,28927000.0,3615875.0,8,0,0.0
A00330,8,74300000.0,9287500.0,8,1,0.125
A00331,7,11483000.0,1640428.5714285714,7,0,0.0
A00332,5,16287000.0,3257400.0,5,0,0.0
A00333,4,21230000.0,5307500.0,4,0,0.0
A00334,11,23539000.0,2139909.090909091,11,0,0.0
A00335,2,1773000.0,886500.0,2,0,0.0
A00336,6,16075000.0,2679166.6666666665,6,0,0.0
A00337,7,13417000.0,1916714.2857142857,7,0,0.0
A00338,5,6570000.0,1314000.0,5,0,0.0
A00339,4,4213000.0,1053250.0,4,0,0.0
A00340,10,15415000.0,1541500.0,10,0,0.0
A00341,7,8747000.0,1249571.4285714286,7,0,0.0
A00342,9,10683000.0,1187000.0,9,0,0.0
A00343,7,10598000.0,1514000.0,7,0,0.0
A00344,6,7838000.0,1306333.3333333333,6,0,0.0
A00345,7,9263000.0,1323285.7142857143,7,0,0.0
A00346,6,11484000.0,1914000.0,6,0,0.0
A00347,5,8294000.0,1658800.0,5,0,0.0
A00348,10,18149000.0,1814900.0,10,0,0.0
A00349,6,24841000.0,4140166.6666666665,6,0,0.0
A00350,7,19523000.0,2789000.0,6,0,0.0
A00351,5,18847000.0,3769400.0,5,0,0.0
A00352,7,15212000.0,2173142.8571428573,7,0,0.0
A00353,6,12266000.0,2044333.3333333333,6,0,0.0
A00354,3,3567000.0,1189000.0,3,0,0.0
A00355,7,37141000.0,5305857.142857143,7,0,0.0
A00356,9,10548000.0,1172000.0,9,0,0.0
A00357,8,18727000.0,2340875.0,8,0,0.0
A00358,5,8698000.0,1739600.0,5,0,0.0
A00359,3,2032000.0,677333.3333333334,3,0,0.0
A00360,12,44769000.0,3730750.0,12,0,0.0
A00361,5,59339000.0,11867800.0,5,0,0.0
A00362,9,15981000.0,1775666.6666666667,8,0,0.0
A00363,8,31180000.0,3897500.0,7,0,0.0
A00364,6,12781000.0,2130166.6666666665,5,0,0.0
A00365,5,14944000.0,2988800.0,5,0,0.0
A00366,3,5816000.0,1938666.6666666667,3,0,0.0
A00367,6,11909000.0,1984833.3333333333,6,0,0.0
A00368,3,8885000.0,2961666.6666666665,3,0,0.0
A00369,5,22181000.0,4436200.0,5,0,0.0
A00370,10,11829000.0,1182900.0,10,0,0.0
A00371,5,11435000.0,2287000.0,5,1,0.2
A00372,7,5493000.0,784714.2857142857,7,0,0.0
A00373,6,22301000.0,3716833.3333333335,6,1,0.16666666666666666
A00374,6,8196000.0,1366000.0,5,0,0.0
A00375,4,15262000.0,3815500.0,4,0,0.0
A00376,6,2528000.0,421333.3333333333,6,1,0.16666666666666666
A00377,3,3370000.0,1123333.3333333333,3,0,0.0
A00378,12,44187000.0,3682250.0,12,0,0.0
A00379,4,4898000.0,1224500.0,4,0,0.0
A00380,5,12088000.0,2417600.0,5,0,0.0
A00381,6,8832000.0,1472000.0,6,1,0.16666666666666666
A00382,5,9001000.0,1800200.0,5,0,0.0
A00383,5,7361000.0,1472200.0,5,1,0.2
A00384,4,1656000.0,414000.0,4,0,0.0
A00385,10,25136000.0,2513600.0,10,0,0.0
A00386,8,24995000.0,3124375.0,8,0,0.0
A00387,10,10533000.0,1053300.0,10,0,0.0
A00388,3,3970000.0,1323333.3333333333,3,0,0.0
A00389,8,32235000.0,4029375.0,7,0,0.0
A00390,7,51699000.0,7385571.428571428,6,0,0.0
A00391,7,14706000.0,2100857.1428571427,7,0,0.0
A00392,6,10741000.0,1790166.6666666667,6,0,0.0
A00393,6,16346000.0,2724333.3333333335,6,0,0.0
A00394,8,15625000.0,1953125.0,8,0,0.0
A00395,6,5017000.0,836166.6666666666,6,0,0.0
A00396,7,14225000.0,2032142.857142857,7,0,0.0
A00397,12,32855000.0,2737916.6666666665,12,0,0.0
A00398,6,9289000.0,1548166.6666666667,6,0,0.0
A00399,5,33095000.0,6619000.0,5,0,0.0
A00400,3,3715000.0,1238333.3333333333,3,0,0.0
A00401,8,18816000.0,2352000.0,8,0,0.0
A00402,4,5348000.0,1337000.0,4,0,0.0
A00403,7,14703000.0,2100428.5714285714,7,0,0.0
A00404,4,13087000.0,3271750.0,4,0,0.0
A00405,10,17787000.0,1778700.0,10,0,0.0
A00406,4,15536000.0,3884000.0,4,0,0.0
A00407,8,14157000.0,1769625.0,8,0,0.0
A00408,9,23604000.0,2622666.6666666665,9,0,0.0
A00409,5,11011000.0,2202200.0,5,0,0.0
A00410,7,11908000.0,1701142.857142857,7,0,0.0
A00411,10,10472000.0,1047200.0,10,0,0.0
A00412,7,25831000.0,3690142.8571428573,7,1,0.14285714285714285
A00413,10,18285000.0,1828500.0,10,0,0.0
A00414,5,7538000.0,1507600.0,5,0,0.0
A00415,5,29230000.0,5846000.0,5,0,0.0
A00416,8,10021000.0,1252625.0,8,0,0.0
A00417,2,1260000.0,630000.0,2,0,0.0
A00418,8,9715000.0,1214375.0,8,0,0.0
A00419,5,9046000.0,1809200.0,4,0,0.0
A00420,4,8485000.0,2121250.0,4,0,0.0
A00421,4,13554000.0,3388500.0,4,0,0.0
A00422,9,10294000.0,1143777.7777777778,8,0,0.0
A00423,7,9188000.0,1312571.4285714286,7,1,0.14285714285714285
A00424,8,31668000.0,3958500.0,8,0,0.0
A00425,2,3752000.0,1876000.0,2,1,0.5
A00426,4,9611000.0,2402750.0,4,0,0.0
A00427,8,9459000.0,1182375.0,8,0,0.0
A00428,2,639000.0,319500.0,2,0,0.0
A00429,5,2819000.0,563800.0,5,0,0.0
A00430,1,345000.0,345000.0,1,0,0.0
A00431,4,16076000.0,4019000.0,4,0,0.0
A00432,9,15383000.0,1709222.2222222222,9,0,0.0
A00433,5,4267000.0,853400.0,5,0,0.0
A00434,5,10153000.0,2030600.0,5,0,0.0
A00435,2,6058000.0,3029000.0,2,0,0.0
A00436,3,5162000.0,1720666.6666666667,3,0,0.0
A00437,2,1095000.0,547500.0,2,0,0.0
A00438,5,5709000.0,1141800.0,5,0,0.0
A00439,5,11745000.0,2349000.0,4,0,0.0
A00440,6,10444000.0,1740666.6666666667,5,0,0.0
A00441,3,4224000.0,1408000.0,3,0,0.0
A00442,4,1621000.0,405250.0,4,0,0.0
A00443,6,8934000.0,1489000.0,6,0,0.0
A00444,9,52508000.0,5834222.222222222,8,0,0.0
A00445,7,12995000.0,1856428.5714285714,7,0,0.0
A00446,6,9880000.0,1646666.6666666667,6,0,0.0
A00447,5,13639000.0,2727800.0,5,0,0.0
A00448,7,14493000.0,2070428.5714285714,7,1,0.14285714285714285
A00449,6,7244000.0,1207333.3333333333,6,0,0.0
A00450,4,8706000.0,2176500.0,4,0,0.0
A00451,4,9568000.0,2392000.0,4,0,0.0
A00452,3,2838000.0,946000.0,3,0,0.0
A00453,7,32402000.0,4628857.142857143,7,0,0.0
A00454,7,4908000.0,701142.8571428572,6,0,0.0
A00455,10,38484000.0,3848400.0,10,0,0.0
A00456,4,5142000.0,1285500.0,4,0,0.0
A00457,7,8732000.0,1247428.5714285714,7,0,0.0
A00458,4,9147000.0,2286750.0,4,0,0.0
A00459,3,1109000.0,369666.6666666667,3,0,0.0
A00460,4,6532000.0,1633000.0,4,0,0.0
A00461,6,12757000.0,2126166.6666666665,6,0,0.0
A00462,4,3411000.0,852750.0,4,0,0.0
A00463,4,4353000.0,1088250.0,4,0,0.0
A00464,5,20049000.0,4009800.0,5,0,0.0
A00465,3,6116000.0,2038666.6666666667,3,0,0.0
A00466,5,7658000.0,1531600.0,5,0,0.0
A00467,6,24141000.0,4023500.0,6,0,0.0
A00468,9,30037000.0,3337444.4444444445,9,0,0.0
A00469,6,14978000.0,2496333.3333333335,6,0,0.0
A00470,5,8632000.0,1726400.0,5,0,0.0
A00471,9,15907000.0,1767444.4444444445,9,0,0.0
A00472,10,33832000.0,3383200.0,10,0,0.0
A00473,8,26121000.0,3265125.0,8,0,0.0
A00474,5,5630000.0,1126000.0,5,0,0.0
A00475,6,3690000.0,615000.0,6,0,0.0
A00476,9,13449000.0,1494333.3333333333,9,0,0.0
A00477,4,9346000.0,2336500.0,4,0,0.0
A00478,4,7173000.0,1793250.0,4,0,0.0
A00479,6,11003000.0,1833833.3333333333,6,0,0.0
A00480,4,2809000.0,702250.0,4,0,0.0
A00481,6,10137000.0,1689500.0,6,0,0.0
A00482,6,9514000.0,1585666.6666666667,6,0,0.0
A00483,7,8492000.0,1213142.857142857,7,0,0.0
A00484,11,19071000.0,1733727.2727272727,11,0,0.0
A00485,6,20222000.0,3370333.3333333335,6,0,0.0
A00486,4,4763000.0,1190750.0,4,0,0.0
A00487,2,672000.0,336000.0,2,0,0.0
A00488,2,2012000.0,1006000.0,2,0,0.0
A00489,4,5296000.0,1324000.0,4,0,0.0
A00490,6,18654000.0,3109000.0,6,0,0.0
A00491,6,13048000.0,2174666.6666666665,6,0,0.0
A00492,7,25272000.0,3610285.714285714,7,0,0.0
A00493,6,7756000.0,1292666.6666666667,6,0,0.0
A00494,3,2891000.0,963666.6666666666,3,0,0.0
A00495,7,22437000.0,3205285.714285714,6,0,0.0
A00496,5,5390000.0,1078000.0,5,0,0.0
A00497,10,19066000.0,1906600.0,10,0,0.0
A00498,10,20635000.0,2063500.0,10,0,0.0
A00499,5,8361000.0,1672200.0,5,0,0.0
A00500,8,9011000.0,1126375.0,7,0,0.0
A00501,6,10309000.0,1718166.6666666667,6,0,0.0
A00502,4,5604000.0,1401000.0,4,0,0.0
A00503,6,10568000.0,1761333.3333333333,6,0,0.0
A00504,5,9484000.0,1896800.0,5,0,0.0
A00505,7,11404000.0,1629142.857142857,7,0,0.0
A00506,4,6268000.0,1567000.0,4,0,0.0
A00507,5,3425000.0,685000.0,5,0,0.0
A00508,8,10100000.0,1262500.0,8,0,0.0
A00509,7,11297000.0,1613857.142857143,6,0,0.0
A00510,7,14311000.0,2044428.5714285714,7,0,0.0
A00511,7,10184000.0,1454857.142857143,7,0,0.0
A00512,3,9820000.0,3273333.3333333335,3,0,0.0
A00513,2,643000.0,321500.0,2,1,0.5
A00514,7,18639000.0,2662714.285714286,7,0,0.0
A00515,6,28666000.0,4777666.666666667,6,0,0.0
A00516,4,5975000.0,1493750.0,4,0,0.0
A00517,4,9113000.0,2278250.0,4,0,0.0
A00518,8,14072000.0,1759000.0,8,0,0.0
A00519,6,5963000.0,993833.3333333334,6,0,0.0
A00520,4,8128000.0,2032000.0,4,0,0.0
A00521,5,5260000.0,1052000.0,5,0,0.0
A00522,9,26951000.0,2994555.5555555555,9,0,0.0
A00523,6,5150000.0,858333.3333333334,6,0,0.0
A00524,6,8421000.0,1403500.0,6,0,0.0
A00525,8,28490000.0,3561250.0,7,0,0.0
A00526,6,9522000.0,1587000.0,6,0,0.0
A00527,5,6846000.0,1369200.0,5,0,0.0
A00528,9,15244000.0,1693777.7777777778,9,0,0.0
A00529,6,16851000.0,2808500.0,6,0,0.0
A00530,9,29397000.0,3266333.3333333335,9,0,0.0
A00531,3,2811000.0,937000.0,3,0,0.0
A00532,6,7222000.0,1203666.6666666667,6,0,0.0
A00533,5,15057000.0,3011400.0,5,0,0.0
A00534,6,20864000.0,3477333.3333333335,6,0,0.0
A00535,9,14745000.0,1638333.3333333333,9,0,0.0
A00536,7,6628000.0,946857.1428571428,7,0,0.0
A00537,8,14282000.0,1785250.0,8,0,0.0
A00538,5,6410000.0,1282000.0,5,0,0.0
A00539,9,20373000.0,2263666.6666666665,9,0,0.0
A00540,7,21882000.0,3126000.0,7,0,0.0
A00541,6,17885000.0,2980833.3333333335,6,0,0.0
A00542,11,16920000.0,1538181.8181818181,11,0,0.0
A00543,7,16923000.0,2417571.4285714286,7,0,0.0
A00544,8,23454000.0,2931750.0,7,0,0.0
A00545,3,3355000.0,1118333.3333333333,3,0,0.0
A00546,10,49810000.0,4981000.0,10,0,0.0
A00547,4,11586000.0,2896500.0,4,0,0.0
A00548,6,10841000.0,1806833.3333333333,6,0,0.0
A00549,1,2207000.0,2207000.0,1,0,0.0
A00550,4,32502000.0,8125500.0,4,0,0.0
A00551,3,12146000.0,4048666.6666666665,3,0,0.0
A00552,4,18910000.0,4727500.0,4,0,0.0
A00553,4,8330000.0,2082500.0,4,0,0.0
A00554,5,12880000.0,2576000.0,5,0,0.0
A00555,6,11908000.0,1984666.6666666667,6,0,0.0
A00556,5,5498000.0,1099600.0,5,0,0.0
A00557,10,20471000.0,2047100.0,10,0,0.0
A00558,6,16256000.0,2709333.3333333335,6,0,0.0
A00559,5,5276000.0,1055200.0,5,0,0.0
A00560,3,4246000.0,1415333.3333333333,3,0,0.0
A00561,7,8973000.0,1281857.142857143,7,0,0.0
A00562,9,8620000.0,957777.7777777778,9,0,0.0
A00563,13,31234000.0,2402615.3846153845,11,0,0.0
A00564,5,6722000.0,1344400.0,5,0,0.0
A00565,4,7669000.0,1917250.0,4,0,0.0
A00566,7,10813000.0,1544714.2857142857,7,0,0.0
A00567,6,9418000.0,1569666.6666666667,6,0,0.0
A00568,7,5613000.0,801857.1428571428,7,0,0.0
A00569,4,2787000.0,696750.0,4,0,0.0
A00570,7,13170000.0,1881428.5714285714,7,0,0.0
A00571,10,13807000.0,1380700.0,10,0,0.0
A00572,8,15734000.0,1966750.0,8,0,0.0
A00573,7,13343000.0,1906142.857142857,7,0,0.0
A00574,7,21361000.0,3051571.4285714286,7,0,0.0
A00575,4,3618000.0,904500.0,4,0,0.0
A00576,4,8164000.0,2041000.0,4,0,0.0
A00577,6,5468000.0,911333.3333333334,6,0,0.0
A00578,6,9199000.0,1533166.6666666667,6,0,0.0
A00579,6,38579000.0,6429833.333333333,6,0,0.0
A00580,9,22507000.0,2500777.777777778,9,0,0.0
A00581,3,2432000.0,810666.6666666666,3,0,0.0
A00582,3,6257000.0,2085666.6666666667,3,0,0.0
A00583,1,988000.0,988000.0,1,0,0.0
A00584,6,5479000.0,913166.6666666666,6,0,0.0
A00585,3,1505000.0,501666.6666666667,3,0,0.0
A00586,2,1700000.0,850000.0,2,0,0.0
A00587,5,15932000.0,3186400.0,5,0,0.0
A00588,6,13135000.0,2189166.6666666665,6,1,0.16666666666666666
A00589,3,1274000.0,424666.6666666667,3,0,0.0
A00590,9,18553000.0,2061444.4444444445,9,0,0.0
A00591,5,6937000.0,1387400.0,5,0,0.0
A00592,3,6871000.0,2290333.3333333335,3,0,0.0
A00593,5,9006000.0,1801200.0,5,0,0.0
A00594,7,25466000.0,3638000.0,7,0,0.0
A00595,6,10169000.0,1694833.3333333333,6,0,0.0
A00596,7,4777000.0,682428.5714285715,7,0,0.0
A00597,8,25531000.0,3191375.0,8,0,0.0
A00598,8,12405000.0,1550625.0,8,0,0.0
A00599,4,15713000.0,3928250.0,4,0,0.0
A00600,6,9858000.0,1643000.0,6,0,0.0
A00601,5,23010000.0,4602000.0,5,0,0.0
A00602,2,2673000.0,1336500.0,2,0,0.0
A00603,4,20186000.0,5046500.0,4,0,0.0
A00604,8,18566000.0,2320750.0,8,0,0.0
A00605,3,8977000.0,2992333.3333333335,3,0,0.0
A00606,7,7094000.0,1013428.5714285715,7,0,0.0
A00607,9,5353000.0,594777.7777777778,9,0,0.0
A00608,9,31889000.0,3543222.222222222,9,0,0.0
A00609,8,21411000.0,2676375.0,8,0,0.0
A00610,5,5288000.0,1057600.0,5,0,0.0
A00611,4,10429000.0,2607250.0,4,0,0.0
A00612,3,7278000.0,2426000.0,3,0,0.0
A00613,3,27148000.0,9049333.333333334,3,0,0.0
A00614,7,21309000.0,3044142.8571428573,7,0,0.0
A00615,6,16539000.0,2756500.0,6,0,0.0
A00616,5,9910000.0,1982000.0,5,0,0.0
A00617,4,9932000.0,2483000.0,4,0,0.0
A00618,8,39045000.0,4880625.0,8,0,0.0
A00619,6,7276000.0,1212666.6666666667,6,0,0.0
A00620,7,4930000.0,704285.7142857143,7,0,0.0
A00621,6,9290000.0,1548333.3333333333,6,0,0.0
A00622,5,14584000.0,2916800.0,5,0,0.0
A00623,5,2661000.0,532200.0,5,0,0.0
A00624,7,18245000.0,2606428.5714285714,7,0,0.0
A00625,4,3875000.0,968750.0,4,0,0.0
A00626,7,9706000.0,1386571.4285714286,7,0,0.0
A00627,14,30615000.0,2186785.714285714,14,0,0.0
A00628,7,34603000.0,4943285.714285715,7,0,0.0
A00629,4,7798000.0,1949500.0,4,0,0.0
A00630,6,18584000.0,3097333.3333333335,6,0,0.0
A00631,8,25321000.0,3165125.0,8,0,0.0
A00632,7,12561000.0,1794428.5714285714,6,0,0.0
A00633,6,6590000.0,1098333.3333333333,6,0,0.0
A00634,12,11179000.0,931583.3333333334,12,0,0.0
A00635,7,19470000.0,2781428.5714285714,7,0,0.0
A00636,6,10322000.0,1720333.3333333333,6,0,0.0
A00637,6,8756000.0,1459333.3333333333,6,0,0.0
A00638,9,10383000.0,1153666.6666666667,9,0,0.0
A00639,7,6629000.0,947000.0,7,0,0.0
A00640,7,10094000.0,1442000.0,7,0,0.0
A00641,9,20735000.0,2303888.888888889,9,0,0.0
A00642,6,26347000.0,4391166.666666667,6,1,0.16666666666666666
A00643,1,21571000.0,21571000.0,1,0,0.0
A00644,7,6213000.0,887571.4285714285,7,0,0.0
A00645,6,12542000.0,2090333.3333333333,6,0,0.0
A00646,3,6412000.0,2137333.3333333335,3,0,0.0
A00647,12,30099000.0,2508250.0,12,0,0.0
A00648,10,20161000.0,2016100.0,9,0,0.0
A00649,9,30982000.0,3442444.4444444445,9,0,0.0
A00650,2,3435000.0,1717500.0,2,0,0.0
A00651,6,28235000.0,4705833.333333333,6,0,0.0
A00652,5,7750000.0,1550000.0,5,0,0.0
A00653,10,10831000.0,1083100.0,10,0,0.0
A00654,6,16996000.0,2832666.6666666665,6,0,0.0
A00655,7,17896000.0,2556571.4285714286,7,1,0.14285714285714285
A00656,4,9333000.0,2333250.0,4,0,0.0
A00657,6,8713000.0,1452166.6666666667,6,0,0.0
A00658,7,9224000.0,1317714.2857142857,7,0,0.0
A00659,6,20046000.0,3341000.0,6,0,0.0
A00660,3,7101000.0,2367000.0,3,1,0.3333333333333333
A00661,5,12707000.0,2541400.0,5,0,0.0
A00662,5,13744000.0,2748800.0,5,0,0.0
A00663,5,5934000.0,1186800.0,5,0,0.0
A00664,7,19913000.0,2844714.285714286,7,0,0.0
A00665,5,12213000.0,2442600.0,5,0,0.0
A00666,8,8696000.0,1087000.0,8,0,0.0
A00667,7,12688000.0,1812571.4285714286,7,0,0.0
A00668,4,20357000.0,5089250.0,4,0,0.0
A00669,6,12170000.0,2028333.3333333333,6,0,0.0
A00670,3,6375000.0,2125000.0,3,0,0.0
A00671,4,5835000.0,1458750.0,4,0,0.0
A00672,5,43491000.0,8698200.0,5,0,0.0
A00673,7,9006000.0,1286571.4285714286,7,0,0.0
A00674,4,5732000.0,1433000.0,4,0,0.0
A00675,6,5623000.0,937166.6666666666,6,0,0.0
A00676,15,24626000.0,1641733.3333333333,15,0,0.0
A00677,6,14009000.0,2334833.3333333335,6,0,0.0
A00678,6,17423000.0,2903833.3333333335,6,0,0.0
A00679,8,14657000.0,1832125.0,8,0,0.0
A00680,3,3461000.0,1153666.6666666667,3,0,0.0
A00681,9,23267000.0,2585222.222222222,9,0,0.0
A00682,8,17664000.0,2208000.0,8,3,0.375
A00683,5,6394000.0,1278800.0,5,0,0.0
A00684,5,11288000.0,2257600.0,5,0,0.0
A00685,3,3344000.0,1114666.6666666667,2,0,0.0
A00686,9,15973000.0,1774777.7777777778,9,0,0.0
A00687,5,16880000.0,3376000.0,5,0,0.0
A00688,2,4651000.0,2325500.0,2,0,0.0
A00689,6,7939000.0,1323166.6666666667,6,0,0.0
A00690,8,13817000.0,1727125.0,8,0,0.0
A00691,7,17018000.0,2431142.8571428573,7,0,0.0
A00693,4,3347000.0,836750.0,4,0,0.0
A00694,4,3299000.0,824750.0,4,0,0.0
A00695,9,12582000.0,1398000.0,9,0,0.0
A00696,5,16718000.0,3343600.0,5,0,0.0
A00697,3,3073000.0,1024333.3333333334,3,0,0.0
A00698,5,17786000.0,3557200.0,5,0,0.0
A00699,6,5898000.0,983000.0,6,0,0.0
A00700,5,4329000.0,865800.0,5,0,0.0
A00701,2,1171000.0,585500.0,2,0,0.0
A00702,6,9854000.0,1642333.3333333333,6,0,0.0
A00703,5,6683000.0,1336600.0,5,0,0.0
A00704,5,6336000.0,1267200.0,5,0,0.0
A00705,4,13738000.0,3434500.0,4,0,0.0
A00706,8,15566000.0,1945750.0,8,0,0.0
A00707,8,28021000.0,3502625.0,8,0,0.0
A00708,7,4938000.0,705428.5714285715,7,0,0.0
A00709,4,5450000.0,1362500.0,4,0,0.0
A00710,5,5668000.0,1133600.0,5,0,0.0
A00711,4,9757000.0,2439250.0,4,0,0.0
A00712,5,3977000.0,795400.0,5,0,0.0
A00713,7,5952000.0,850285.7142857143,7,1,0.14285714285714285
A00714,6,16179000.0,2696500.0,6,0,0.0
A00715,7,9924000.0,1417714.2857142857,6,0,0.0
A00716,4,7932000.0,1983000.0,4,0,0.0
A00717,4,14303000.0,3575750.0,4,0,0.0
A00718,8,8312000.0,1039000.0,8,0,0.0
A00719,4,4065000.0,1016250.0,4,1,0.25
A00720,4,6218000.0,1554500.0,4,0,0.0
A00721,4,17305000.0,4326250.0,4,0,0.0
A00722,3,5911000.0,1970333.3333333333,3,0,0.0
A00723,9,21571000.0,2396777.777777778,9,0,0.0
A00724,3,15356000.0,5118666.666666667,3,0,0.0
A00725,8,12871000.0,1608875.0,8,0,0.0
A00726,5,14828000.0,2965600.0,5,0,0.0
A00727,2,1216000.0,608000.0,2,0,0.0
A00728,10,27140000.0,2714000.0,10,0,0.0
A00729,3,8735000.0,2911666.6666666665,3,0,0.0
A00730,8,15426000.0,1928250.0,8,0,0.0
A00731,6,8695000.0,1449166.6666666667,6,0,0.0
A00732,4,4036000.0,1009000.0,4,0,0.0
A00733,13,36708000.0,2823692.3076923075,13,0,0.0
A00734,6,14340000.0,2390000.0,6,0,0.0
A00735,9,11788000.0,1309777.7777777778,9,1,0.1111111111111111
A00736,3,8651000.0,2883666.6666666665,3,0,0.0
A00737,6,2714000.0,452333.3333333333,6,0,0.0
A00738,7,43104000.0,6157714.285714285,7,0,0.0
A00739,7,23940000.0,3420000.0,7,0,0.0
A00740,4,10694000.0,2673500.0,4,0,0.0
A00741,9,8790000.0,976666.6666666666,9,0,0.0
A00742,6,12591000.0,2098500.0,6,0,0.0
A00743,7,4991000.0,713000.0,7,0,0.0
A00744,9,15595000.0,1732777.7777777778,9,0,0.0
A00745,7,15969000.0,2281285.714285714,7,0,0.0
A00746,6,5380000.0,896666.6666666666,6,0,0.0
A00747,5,28375000.0,5675000.0,5,0,0.0
A00748,4,7071000.0,1767750.0,4,0,0.0
A00749,4,8756000.0,2189000.0,4,0,0.0
A00750,5,9128000.0,1825600.0,5,0,0.0
A00751,4,5396000.0,1349000.0,4,0,0.0
A00752,8,38091000.0,4761375.0,8,0,0.0
A00753,6,25556000.0,4259333.333333333,6,0,0.0
A00754,2,4316000.0,2158000.0,2,0,0.0
A00755,7,20266000.0,2895142.8571428573,7,0,0.0
A00756,2,1669000.0,834500.0,2,0,0.0
A00757,2,6305000.0,3152500.0,2,0,0.0
A00758,6,9093000.0,1515500.0,6,0,0.0
A00759,7,10255000.0,1465000.0,7,0,0.0
A00760,4,6312000.0,1578000.0,4,0,0.0
A00761,1,2801000.0,2801000.0,1,0,0.0
A00762,4,6778000.0,1694500.0,4,0,0.0
A00763,6,10524000.0,1754000.0,5,0,0.0
A00764,1,53000.0,53000.0,1,0,0.0
A00765,5,8307000.0,1661400.0,5,0,0.0
A00766,9,15498000.0,1722000.0,9,0,0.0
A00767,5,12931000.0,2586200.0,5,0,0.0
A00768,6,25414000.0,4235666.666666667,6,0,0.0
A00769,5,14478000.0,2895600.0,5,0,0.0
A00770,4,4264000.0,1066000.0,4,1,0.25
A00771,5,6214000.0,1242800.0,5,0,0.0
A00772,7,13923000.0,1989000.0,7,0,0.0
A00773,3,31493000.0,10497666.666666666,3,0,0.0
A00774,4,12039000.0,3009750.0,4,0,0.0
A00775,3,1594000.0,531333.3333333334,3,0,0.0
A00776,6,6287000.0,1047833.3333333334,6,0,0.0
A00777,4,4977000.0,1244250.0,4,0,0.0
A00778,6,5864000.0,977333.3333333334,6,0,0.0
A00779,9,15944000.0,1771555.5555555555,9,0,0.0
A00780,7,17463000.0,2494714.285714286,7,0,0.0
A00781,4,1932000.0,483000.0,4,0,0.0
A00782,6,6692000.0,1115333.3333333333,6,0,0.0
A00783,6,10514000.0,1752333.3333333333,6,0,0.0
A00784,13,23712000.0,1824000.0,13,0,0.0
A00785,6,21135000.0,3522500.0,6,0,0.0
A00786,5,7233000.0,1446600.0,5,0,0.0
A00787,4,8070000.0,2017500.0,4,0,0.0
A00788,10,36649000.0,3664900.0,10,0,0.0
A00789,7,7616000.0,1088000.0,7,0,0.0
A00790,5,8077000.0,1615400.0,5,0,0.0
A00791,9,8219000.0,913222.2222222222,9,0,0.0
A00792,6,11277000.0,1879500.0,6,0,0.0
A00793,8,31792000.0,3974000.0,7,0,0.0
A00794,2,3283000.0,1641500.0,2,0,0.0
A00795,1,5472000.0,5472000.0,1,0,0.0
A00796,6,10241000.0,1706833.3333333333,6,0,0.0
A00797,4,4961000.0,1240250.0,4,0,0.0
A00798,5,7114000.0,1422800.0,5,0,0.0
A00799,3,9326000.0,3108666.6666666665,3,0,0.0
A00800,2,1180000.0,590000.0,2,0,0.0
A00801,6,6333000.0,1055500.0,6,0,0.0
A00802,6,8905000.0,1484166.6666666667,6,0,0.0
A00803,7,24290000.0,3470000.0,7,0,0.0
A00804,3,2958000.0,986000.0,3,0,0.0
A00805,2,1506000.0,753000.0,2,0,0.0
A00806,6,8675000.0,1445833.3333333333,6,0,0.0
A00807,11,33634000.0,3057636.3636363638,11,0,0.0
A00808,4,4677000.0,1169250.0,4,0,0.0
A00809,6,27943000.0,4657166.666666667,6,0,0.0
A00810,9,12246000.0,1360666.6666666667,9,0,0.0
A00811,3,2772000.0,924000.0,3,0,0.0
A00812,6,5218000.0,869666.6666666666,6,0,0.0
A00813,3,4009000.0,1336333.3333333333,3,0,0.0
A00814,9,15077000.0,1675222.2222222222,8,0,0.0
A00815,7,21918000.0,3131142.8571428573,7,0,0.0
A00816,4,8264000.0,2066000.0,4,0,0.0
A00817,5,5732000.0,1146400.0,5,0,0.0
A00818,6,8738000.0,1456333.3333333333,6,0,0.0
A00819,5,17611000.0,3522200.0,5,0,0.0
A00820,7,15394000.0,2199142.8571428573,7,0,0.0
A00821,5,11103000.0,2220600.0,5,0,0.0
A00822,2,2119000.0,1059500.0,2,0,0.0
A00823,8,15182000.0,1897750.0,8,0,0.0
A00824,3,26702000.0,8900666.666666666,3,0,0.0
A00825,5,8524000.0,1704800.0,4,0,0.0
A00826,2,2445000.0,1222500.0,2,0,0.0
A00827,6,10456000.0,1742666.6666666667,6,1,0.16666666666666666
A00828,4,1374000.0,343500.0,4,0,0.0
A00829,6,4608000.0,768000.0,6,0,0.0
A00830,1,1019000.0,1019000.0,1,0,0.0
A00831,9,13498000.0,1499777.7777777778,9,0,0.0
A00832,6,9176000.0,1529333.3333333333,6,0,0.0
A00833,5,9876000.0,1975200.0,5,0,0.0
A00834,4,7320000.0,1830000.0,4,0,0.0
A00835,3,3238000.0,1079333.3333333333,3,0,0.0
A00836,4,11989000.0,2997250.0,4,0,0.0
A00837,4,6070000.0,1517500.0,4,0,0.0
A00838,6,10121000.0,1686833.3333333333,6,0,0.0
A00839,5,2359000.0,471800.0,5,0,0.0
A00840,9,16322000.0,1813555.5555555555,9,0,0.0
A00841,1,87000.0,87000.0,1,0,0.0
A00842,4,5600000.0,1400000.0,4,0,0.0
A00843,2,2685000.0,1342500.0,2,0,0.0
A00844,2,21782000.0,10891000.0,2,0,0.0
A00845,3,7965000.0,2655000.0,3,0,0.0
A00846,9,24955000.0,2772777.777777778,9,0,0.0
A00847,7,16213000.0,2316142.8571428573,7,0,0.0
A00848,5,9586000.0,1917200.0,5,0,0.0
A00849,5,13103000.0,2620600.0,5,0,0.0
A00850,8,24252000.0,3031500.0,8,0,0.0
A00851,4,3186000.0,796500.0,4,0,0.0
A00852,6,17232000.0,2872000.0,6,0,0.0
A00853,8,9242000.0,1155250.0,8,0,0.0
A00854,7,25805000.0,3686428.5714285714,6,0,0.0
A00855,7,16850000.0,2407142.8571428573,7,0,0.0
A00856,7,45016000.0,6430857.142857143,7,0,0.0
A00857,4,3760000.0,940000.0,4,0,0.0
A00858,7,8622000.0,1231714.2857142857,6,0,0.0
A00859,3,3571000.0,1190333.3333333333,3,0,0.0
A00860,5,13299000.0,2659800.0,5,0,0.0
A00861,7,9069000.0,1295571.4285714286,7,0,0.0
A00862,10,15002000.0,1500200.0,10,0,0.0
A00863,4,5203000.0,1300750.0,4,0,0.0
A00864,8,19515000.0,2439375.0,7,0,0.0
A00865,3,3104000.0,1034666.6666666666,3,0,0.0
A00866,6,7731000.0,1288500.0,6,0,0.0
A00867,7,12196000.0,1742285.7142857143,7,0,0.0
A00868,4,7031000.0,1757750.0,4,0,0.0
A00869,6,7766000.0,1294333.3333333333,6,0,0.0
A00870,3,6047000.0,2015666.6666666667,3,0,0.0
A00871,6,4279000.0,713166.6666666666,6,0,0.0
A00872,4,4104000.0,1026000.0,4,0,0.0
A00873,5,12681000.0,2536200.0,5,0,0.0
A00874,5,10062000.0,2012400.0,5,0,0.0
A00875,6,50118000.0,8353000.0,6,0,0.0
A00876,8,18775000.0,2346875.0,8,0,0.0
A00877,5,11376000.0,2275200.0,5,0,0.0
A00878,5,7284000.0,1456800.0,5,0,0.0
A00879,3,16339000.0,5446333.333333333,3,0,0.0
A00880,7,7262000.0,1037428.5714285715,7,0,0.0
A00881,9,14482000.0,1609111.111111111,9,0,0.0
A00882,8,17302000.0,2162750.0,8,1,0.125
A00883,2,13524000.0,6762000.0,2,0,0.0
A00884,5,10015000.0,2003000.0,5,0,0.0
A00885,4,7121000.0,1780250.0,4,1,0.25
A00886,7,6839000.0,977000.0,7,0,0.0
A00887,5,32564000.0,6512800.0,5,0,0.0
A00888,10,17268000.0,1726800.0,10,0,0.0
A00889,5,13375000.0,2675000.0,5,0,0.0
A00890,5,7349000.0,1469800.0,5,0,0.0
A00891,5,120164000.0,24032800.0,5,0,0.0
A00892,6,17156000.0,2859333.3333333335,6,1,0.16666666666666666
A00893,6,12064000.0,2010666.6666666667,6,0,0.0
A00894,5,11344000.0,2268800.0,5,0,0.0
A00895,9,22670000.0,2518888.888888889,9,0,0.0
A00896,7,12207000.0,1743857.142857143,7,0,0.0
A00897,9,6856000.0,761777.7777777778,9,0,0.0
A00898,7,13844000.0,1977714.2857142857,7,0,0.0
A00899,3,3988000.0,1329333.3333333333,3,0,0.0
A00900,7,10192000.0,1456000.0,7,0,0.0
A00901,6,5969000.0,994833.3333333334,6,0,0.0
A00902,15,22306000.0,1487066.6666666667,15,0,0.0
A00903,5,4886000.0,977200.0,5,0,0.0
A00904,7,45618000.0,6516857.142857143,7,0,0.0
A00905,7,15835000.0,2262142.8571428573,7,0,0.0
A00906,6,6469000.0,1078166.6666666667,6,0,0.0
A00907,3,4859000.0,1619666.6666666667,3,0,0.0
A00908,9,14339000.0,1593222.2222222222,9,0,0.0
A00909,5,17342000.0,3468400.0,5,0,0.0
A00910,8,28796000.0,3599500.0,8,0,0.0
A00911,5,4892000.0,978400.0,5,0,0.0
A00912,11,43282000.0,3934727.272727273,11,1,0.09090909090909091
A00913,5,15469000.0,3093800.0,5,0,0.0
A00914,7,14017000.0,2002428.5714285714,6,0,0.0
A00915,8,20656000.0,2582000.0,8,0,0.0
A00916,12,26073000.0,2172750.0,12,0,0.0
A00917,5,14978000.0,2995600.0,5,0,0.0
A00918,10,11648000.0,1164800.0,10,0,0.0
A00919,6,11439000.0,1906500.0,6,0,0.0
A00920,2,1558000.0,779000.0,2,0,0.0
A00921,2,5024000.0,2512000.0,2,0,0.0
A00922,5,5111000.0,1022200.0,5,0,0.0
A00923,3,3968000.0,1322666.6666666667,3,0,0.0
A00924,5,9564000.0,1912800.0,5,0,0.0
A00925,8,8011000.0,1001375.0,8,0,0.0
A00926,4,4447000.0,1111750.0,4,0,0.0
A00927,6,11041000.0,1840166.6666666667,6,0,0.0
A00928,8,12318000.0,1539750.0,8,0,0.0
A00929,5,8745000.0,1749000.0,5,0,0.0
A00930,7,19603000.0,2800428.5714285714,7,0,0.0
A00931,4,8249000.0,2062250.0,4,0,0.0
A00932,3,3330000.0,1110000.0,3,0,0.0
A00933,4,13860000.0,3465000.0,4,0,0.0
A00934,6,16580000.0,2763333.3333333335,6,0,0.0
A00935,3,2809000.0,936333.3333333334,3,0,0.0
A00936,6,8149000.0,1358166.6666666667,6,0,0.0
A00937,4,8728000.0,2182000.0,4,0,0.0
A00938,4,7688000.0,1922000.0,4,0,0.0
A00939,5,7831000.0,1566200.0,5,0,0.0
A00940,7,11549000.0,1649857.142857143,7,0,0.0
A00941,4,12780000.0,3195000.0,4,0,0.0
A00942,3,14496000.0,4832000.0,3,0,0.0
A00943,2,2239000.0,1119500.0,2,0,0.0
A00944,5,7489000.0,1497800.0,5,0,0.0
A00945,7,18553000.0,2650428.5714285714,7,0,0.0
A00946,7,30649000.0,4378428.571428572,7,0,0.0
A00947,4,18471000.0,4617750.0,4,0,0.0
A00948,4,8060000.0,2015000.0,4,0,0.0
A00949,7,11998000.0,1714000.0,7,0,0.0
A00950,7,12065000.0,1723571.4285714286,7,0,0.0
A00951,6,21196000.0,3532666.6666666665,6,0,0.0
A00952,3,1887000.0,629000.0,3,0,0.0
A00953,7,14504000.0,2072000.0,7,0,0.0
A00954,4,19948000.0,4987000.0,4,0,0.0
A00955,9,15135000.0,1681666.6666666667,9,0,0.0
A00956,6,8369000.0,1394833.3333333333,6,0,0.0
A00957,5,6879000.0,1375800.0,5,0,0.0
A00958,7,18499000.0,2642714.285714286,7,0,0.0
A00959,9,35787000.0,3976333.3333333335,9,0,0.0
A00960,8,9979000.0,1247375.0,8,0,0.0
A00961,7,6419000.0,917000.0,7,0,0.0
A00962,11,16244000.0,1476727.2727272727,11,0,0.0
A00963,9,26546000.0,2949555.5555555555,9,0,0.0
A00964,6,5849000.0,974833.3333333334,6,0,0.0
A00965,3,13026000.0,4342000.0,3,0,0.0
A00966,4,3834000.0,958500.0,4,0,0.0
A00967,5,11452000.0,2290400.0,5,0,0.0
A00968,6,9418000.0,1569666.6666666667,6,0,0.0
A00969,7,19945000.0,2849285.714285714,7,0,0.0
A00970,6,9096000.0,1516000.0,6,0,0.0
A00971,3,5849000.0,1949666.6666666667,3,0,0.0
A00972,5,8780000.0,1756000.0,5,0,0.0
A00973,5,16456000.0,3291200.0,5,0,0.0
A00974,2,1554000.0,777000.0,2,0,0.0
A00975,9,7662000.0,851333.3333333334,9,0,0.0
A00976,7,15365000.0,2195000.0,7,0,0.0
A00977,2,1745000.0,872500.0,2,0,0.0
A00978,5,13382000.0,2676400.0,5,0,0.0
A00979,7,13672000.0,1953142.857142857,7,0,0.0
A00980,11,19938000.0,1812545.4545454546,10,1,0.09090909090909091
A00981,2,11152000.0,5576000.0,2,0,0.0
A00982,8,9676000.0,1209500.0,8,0,0.0
A00984,11,31711000.0,2882818.1818181816,11,0,0.0
A00985,3,7499000.0,2499666.6666666665,3,1,0.3333333333333333
A00986,6,9857000.0,1642833.3333333333,5,0,0.0
A00987,7,25332000.0,3618857.1428571427,7,1,0.14285714285714285
A00988,7,12260000.0,1751428.5714285714,7,0,0.0
A00989,1,3838000.0,3838000.0,1,0,0.0
A00990,5,25481000.0,5096200.0,5,0,0.0
A00991,2,3124000.0,1562000.0,2,0,0.0
A00992,8,15807000.0,1975875.0,8,0,0.0
A00993,11,18656000.0,1696000.0,11,0,0.0
A00994,3,20858000.0,6952666.666666667,3,0,0.0
A00995,7,20529000.0,2932714.285714286,7,0,0.0
A00996,5,16163000.0,3232600.0,5,0,0.0
A00997,6,13404000.0,2234000.0,6,0,0.0
A00998,1,1565000.0,1565000.0,1,0,0.0
A00999,6,11105000.0,1850833.3333333333,6,0,0.0
A01000,4,28107000.0,7026750.0,4,0,0.0
A01001,5,5798000.0,1159600.0,5,0,0.0
A01002,4,7845000.0,1961250.0,4,0,0.0
A01003,7,34055000.0,4865000.0,7,0,0.0
A01004,10,47300000.0,4730000.0,10,0,0.0
A01005,5,7726000.0,1545200.0,5,0,0.0
A01006,7,10047000.0,1435285.7142857143,7,0,0.0
A01007,2,899000.0,449500.0,2,0,0.0
A01008,5,5575000.0,1115000.0,5,0,0.0
A01009,5,3861000.0,772200.0,5,0,0.0
A01010,6,35653000.0,5942166.666666667,6,0,0.0
A01011,4,7708000.0,1927000.0,4,0,0.0
A01012,9,17284000.0,1920444.4444444445,9,0,0.0
A01013,1,1682000.0,1682000.0,1,0,0.0
A01014,5,6924000.0,1384800.0,5,0,0.0
A01015,6,17117000.0,2852833.3333333335,6,0,0.0
A01016,6,10692000.0,1782000.0,6,0,0.0
A01017,8,16463000.0,2057875.0,8,0,0.0
A01018,4,14219000.0,3554750.0,4,0,0.0
A01019,5,7754000.0,1550800.0,5,0,0.0
A01020,8,15503000.0,1937875.0,8,0,0.0
A01021,9,14880000.0,1653333.3333333333,9,0,0.0
A01022,8,10785000.0,1348125.0,8,1,0.125
A01023,11,30847000.0,2804272.727272727,11,0,0.0
A01024,2,1968000.0,984000.0,2,1,0.5
A01025,6,8220000.0,1370000.0,6,0,0.0
A01026,6,10075000.0,1679166.6666666667,6,0,0.0
A01027,7,4975000.0,710714.2857142857,7,0,0.0
A01028,6,1983000.0,330500.0,6,0,0.0
A01029,1,657000.0,657000.0,1,0,0.0
A01030,5,3185000.0,637000.0,5,0,0.0
A01031,4,3449000.0,862250.0,4,0,0.0
A01032,6,3421000.0,570166.6666666666,5,0,0.0
A01033,11,27344000.0,2485818.1818181816,11,0,0.0
A01034,6,26299000.0,4383166.666666667,6,0,0.0
A01035,5,25381000.0,5076200.0,5,1,0.2
A01036,10,17568000.0,1756800.0,10,0,0.0
A01037,6,19114000.0,3185666.6666666665,6,0,0.0
A01038,5,12690000.0,2538000.0,5,0,0.0
A01039,4,2168000.0,542000.0,4,0,0.0
A01040,4,2892000.0,723000.0,4,0,0.0
A01041,10,18942000.0,1894200.0,9,1,0.1
A01042,5,14990000.0,2998000.0,5,1,0.2
A01043,3,5282000.0,1760666.6666666667,3,0,0.0
A01044,4,15224000.0,3806000.0,4,0,0.0
A01045,2,2977000.0,1488500.0,2,0,0.0
A01046,5,5639000.0,1127800.0,5,0,0.0
A01047,6,13846000.0,2307666.6666666665,6,0,0.0
A01048,9,15080000.0,1675555.5555555555,9,0,0.0
A01049,2,2063000.0,1031500.0,2,0,0.0
A01050,6,3024000.0,504000.0,6,0,0.0
A01051,9,12909000.0,1434333.3333333333,9,0,0.0
A01052,3,5172000.0,1724000.0,3,0,0.0
A01053,5,4748000.0,949600.0,5,0,0.0
A01054,5,10143000.0,2028600.0,5,0,0.0
A01055,11,25842000.0,2349272.727272727,11,1,0.09090909090909091
A01056,5,7457000.0,1491400.0,5,0,0.0
A01057,6,5808000.0,968000.0,6,0,0.0
A01058,8,19022000.0,2377750.0,8,0,0.0
A01059,8,17132000.0,2141500.0,8,0,0.0
A01060,7,16370000.0,2338571.4285714286,7,0,0.0
A01061,5,6612000.0,1322400.0,4,0,0.0
A01062,2,1162000.0,581000.0,2,0,0.0
A01063,3,3087000.0,1029000.0,3,0,0.0
A01064,7,36469000.0,5209857.142857143,7,0,0.0
A01065,6,28830000.0,4805000.0,6,0,0.0
A01066,7,16368000.0,2338285.714285714,7,0,0.0
A01067,6,9207000.0,1534500.0,6,0,0.0
A01068,6,8641000.0,1440166.6666666667,6,0,0.0
A01069,6,5591000.0,931833.3333333334,6,0,0.0
A01070,1,1191000.0,1191000.0,1,0,0.0
A01071,6,12633000.0,2105500.0,6,0,0.0
A01072,6,9944000.0,1657333.3333333333,6,0,0.0
A01073,1,382000.0,382000.0,1,0,0.0
A01074,6,4192000.0,698666.6666666666,6,0,0.0
A01075,4,3804000.0,951000.0,4,0,0.0
A01076,1,2567000.0,2567000.0,1,0,0.0
A01077,6,5145000.0,857500.0,6,0,0.0
A01078,7,4433000.0,633285.7142857143,7,0,0.0
A01079,4,2844000.0,711000.0,4,0,0.0
A01080,2,3537000.0,1768500.0,2,0,0.0
A01081,5,5909000.0,1181800.0,5,0,0.0
A01082,4,5834000.0,1458500.0,4,0,0.0
A01083,5,10274000.0,2054800.0,5,0,0.0
A01084,7,13903000.0,1986142.857142857,7,0,0.0
A01085,7,21805000.0,3115000.0,7,0,0.0
A01086,1,701000.0,701000.0,1,0,0.0
A01087,3,29222000.0,9740666.666666666,3,0,0.0
A01088,5,4482000.0,896400.0,5,0,0.0
A01089,4,2944000.0,736000.0,4,0,0.0
A01090,2,7260000.0,3630000.0,2,0,0.0
A01091,5,6314000.0,1262800.0,5,0,0.0
A01092,8,10606000.0,1325750.0,8,0,0.0
A01093,4,10242000.0,2560500.0,4,0,0.0
A01094,4,14585000.0,3646250.0,4,0,0.0
A01095,6,12053000.0,2008833.3333333333,6,0,0.0
A01096,7,12735000.0,1819285.7142857143,7,0,0.0
A01097,7,6754000.0,964857.1428571428,7,0,0.0
A01098,7,10914000.0,1559142.857142857,7,0,0.0
A01099,7,22771000.0,3253000.0,7,0,0.0
A01100,4,13644000.0,3411000.0,4,0,0.0
A01101,4,3565000.0,891250.0,4,0,0.0
A01102,3,9240000.0,3080000.0,3,0,0.0
A01103,11,28786000.0,2616909.090909091,11,0,0.0
A01104,3,18771000.0,6257000.0,3,0,0.0
A01105,2,10097000.0,5048500.0,2,0,0.0
A01106,5,10920000.0,2184000.0,5,0,0.0
A01107,10,13532000.0,1353200.0,10,0,0.0
A01108,9,16755000.0,1861666.6666666667,9,0,0.0
A01109,6,17236000.0,2872666.6666666665,6,0,0.0
A01110,11,11003000.0,1000272.7272727273,11,0,0.0
A01111,2,10475000.0,5237500.0,2,0,0.0
A01112,5,14264000.0,2852800.0,5,0,0.0
A01113,7,23121000.0,3303000.0,7,0,0.0
A01114,9,14427000.0,1603000.0,9,0,0.0
A01115,6,5379000.0,896500.0,6,0,0.0
A01116,11,30233000.0,2748454.5454545454,11,0,0.0
A01117,7,4839000.0,691285.7142857143,6,0,0.0
A01118,8,13692000.0,1711500.0,8,0,0.0
A01119,10,18345000.0,1834500.0,10,0,0.0
A01120,7,27723000.0,3960428.5714285714,7,0,0.0
A01121,1,664000.0,664000.0,1,0,0.0
A01122,7,8092000.0,1156000.0,7,0,0.0
A01123,6,23153000.0,3858833.3333333335,6,0,0.0
A01124,8,9435000.0,1179375.0,8,0,0.0
A01125,10,43687000.0,4368700.0,10,0,0.0
A01126,8,10767000.0,1345875.0,8,0,0.0
A01127,8,23958000.0,2994750.0,7,0,0.0
A01128,6,18020000.0,3003333.3333333335,6,0,0.0
A01129,4,8571000.0,2142750.0,4,0,0.0
A01130,4,10094000.0,2523500.0,4,0,0.0
A01131,1,854000.0,854000.0,1,0,0.0
A01132,5,4001000.0,800200.0,5,0,0.0
A01133,7,5659000.0,808428.5714285715,7,0,0.0
A01134,6,12719000.0,2119833.3333333335,6,0,0.0
A01135,6,11175000.0,1862500.0,6,0,0.0
A01136,4,5246000.0,1311500.0,4,0,0.0
A01137,7,7888000.0,1126857.142857143,6,0,0.0
A01138,3,1519000.0,506333.3333333333,3,0,0.0
A01139,6,5103000.0,850500.0,6,0,0.0
A01140,7,7893000.0,1127571.4285714286,7,0,0.0
A01141,4,4565000.0,1141250.0,4,0,0.0
A01142,2,1110000.0,555000.0,2,0,0.0
A01143,4,5024000.0,1256000.0,4,0,0.0
A01144,13,34373000.0,2644076.923076923,12,0,0.0
A01145,4,15871000.0,3967750.0,4,0,0.0
A01146,3,12091000.0,4030333.3333333335,3,0,0.0
A01147,3,16427000.0,5475666.666666667,3,0,0.0
A01148,3,10587000.0,3529000.0,3,0,0.0
A01149,4,1830000.0,457500.0,4,0,0.0
A01150,3,3523000.0,1174333.3333333333,3,0,0.0
A01151,8,10057000.0,1257125.0,7,0,0.0
A01152,9,16734000.0,1859333.3333333333,9,0,0.0
A01153,7,36145000.0,5163571.428571428,7,0,0.0
A01154,7,15077000.0,2153857.1428571427,7,0,0.0
A01155,7,25032000.0,3576000.0,7,0,0.0
A01156,5,3094000.0,618800.0,4,0,0.0
A01157,4,10424000.0,2606000.0,4,0,0.0
A01158,5,4712000.0,942400.0,5,0,0.0
A01159,5,3714000.0,742800.0,5,0,0.0
A01160,3,1868000.0,622666.6666666666,3,0,0.0
A01161,6,31784000.0,5297333.333333333,6,1,0.16666666666666666
A01162,4,2422000.0,605500.0,4,0,0.0
A01163,3,4862000.0,1620666.6666666667,3,0,0.0
A01164,10,28173000.0,2817300.0,10,0,0.0
A01165,6,7775000.0,1295833.3333333333,6,0,0.0
A01166,8,4990000.0,623750.0,8,0,0.0
A01167,4,4283000.0,1070750.0,4,0,0.0
A01168,2,5184000.0,2592000.0,2,0,0.0
A01169,4,6534000.0,1633500.0,4,0,0.0
A01170,6,31950000.0,5325000.0,6,0,0.0
A01171,7,3723000.0,531857.1428571428,7,0,0.0
A01172,6,17213000.0,2868833.3333333335,6,0,0.0
A01173,4,3586000.0,896500.0,4,1,0.25
A01174,3,2843000.0,947666.6666666666,3,0,0.0
A01175,6,1752000.0,292000.0,6,0,0.0
A01176,6,6140000.0,1023333.3333333334,6,0,0.0
A01177,5,7610000.0,1522000.0,5,0,0.0
A01178,5,14864000.0,2972800.0,5,0,0.0
A01179,4,9699000.0,2424750.0,4,0,0.0
A01180,2,1379000.0,689500.0,2,0,0.0
A01181,3,5620000.0,1873333.3333333333,3,0,0.0
A01182,11,35985000.0,3271363.6363636362,11,1,0.09090909090909091
A01183,8,15763000.0,1970375.0,8,0,0.0
A01184,6,5894000.0,982333.3333333334,6,0,0.0
A01185,10,9882000.0,988200.0,10,0,0.0
A01186,7,12517000.0,1788142.857142857,6,1,0.14285714285714285
A01187,5,7155000.0,1431000.0,5,0,0.0
A01188,4,3572000.0,893000.0,4,0,0.0
A01189,12,17655000.0,1471250.0,12,0,0.0
A01190,10,29415000.0,2941500.0,10,0,0.0
A01191,8,15915000.0,1989375.0,8,0,0.0
A01192,6,8033000.0,1338833.3333333333,6,0,0.0
A01193,5,16142000.0,3228400.0,4,0,0.0
A01194,6,15862000.0,2643666.6666666665,6,0,0.0
A01195,4,5705000.0,1426250.0,4,0,0.0
A01196,3,6012000.0,2004000.0,3,0,0.0
A01197,3,10346000.0,3448666.6666666665,3,0,0.0
A01198,8,19850000.0,2481250.0,8,0,0.0
A01199,7,8639000.0,1234142.857142857,7,0,0.0
A01200,6,9568000.0,1594666.6666666667,6,0,0.0
