Document_ID,Customer_ID,Document_Type,Document_Date,Image_Quality_Score,OCR_Confidence,Fields_Extracted,Expected_Fields,File_Size_KB,Status,Field_Completeness,Extracted_OCR_Confidence,Document_Confidence,Processing_Decision,Review_Reason
DOC0000002,C000533,KTP,2026-02-20,0.758,0.98,9,8,4127,VALID,1.0,0.889,0.8976500000000001,Human Review,Borderline confidence
DOC0000003,C000315,Rekening Koran,2024-08-15,0.745,0.98,5,10,3526,NEEDS_REVIEW,0.5,0.98,0.80125,Human Review,Low field completeness
DOC0000009,C000308,Rekening Koran,2025-10-30,0.658,0.883,8,9,525,VALID,0.8888888888888888,0.883,0.8282222222222222,Human Review,Poor image quality
DOC0000012,C000285,KTP,2025-11-27,0.816,0.879,7,10,873,VALID,0.7,0.862,0.8125499999999999,Human Review,Low field completeness
DOC0000014,C000253,KTP,2025-04-02,0.74,0.942,6,10,4848,VALID,0.6,0.9156666666666666,0.7967833333333333,Human Review,Low field completeness
DOC0000015,C000183,Rekening Koran,2025-12-17,0.835,0.834,5,8,3543,VALID,0.625,0.9465,0.821375,Human Review,Low field completeness
DOC0000016,C000142,Rekening Koran,2025-05-07,0.789,0.794,9,9,2205,VALID,1.0,0.794,0.84425,Human Review,Low OCR confidence
DOC0000018,C000462,KTP,2024-05-24,0.717,0.859,11,9,2279,VALID,1.0,0.92,0.8801,Human Review,Borderline confidence
DOC0000019,C000243,KTP,2024-03-05,0.684,0.829,4,7,2474,VALID,0.5714285714285714,0.952,0.7714071428571427,Human Review,Low field completeness
DOC0000020,C000309,Rekening Koran,2026-07-26,0.604,0.931,8,9,4260,VALID,0.8888888888888888,0.931,0.8387222222222221,Human Review,Poor image quality
DOC0000021,C000307,Surat Kerja,2024-11-11,0.879,0.897,4,9,3387,VALID,0.4444444444444444,0.986,0.810511111111111,Human Review,Low field completeness
DOC0000026,C000620,Surat Kerja,2024-04-04,0.882,0.812,4,6,412,VALID,0.6666666666666666,0.716,0.7595666666666666,Human Review,Low field completeness
DOC0000029,C000354,NPWP,2024-03-25,0.755,0.883,9,10,724,VALID,0.9,0.883,0.85525,Human Review,Borderline confidence
DOC0000030,C000397,Slip Gaji,2026-07-16,0.821,0.99,6,11,2643,NEEDS_REVIEW,0.5454545454545454,1.0,0.8401136363636363,Human Review,Low field completeness
DOC0000031,C000201,KTP,2025-12-24,0.889,0.924,5,10,2142,NEEDS_REVIEW,0.5,0.924,0.80925,Human Review,Low field completeness
DOC0000032,C000117,Form Aplikasi,2025-08-19,0.826,0.793,10,6,3344,INVALID,1.0,0.924,0.89885,Human Review,Borderline confidence
DOC0000033,C000077,Surat Kerja,2026-07-22,0.602,0.897,10,10,3047,VALID,1.0,0.872,0.8402499999999999,Human Review,Poor image quality
DOC0000034,C000084,Rekening Koran,2025-01-09,0.849,0.769,8,7,1401,VALID,1.0,0.874,0.8835,Human Review,Borderline confidence
DOC0000035,C000166,Surat Kerja,2024-12-23,1.0,0.816,5,7,4137,VALID,0.7142857142857143,0.909,0.8691214285714285,Human Review,Low field completeness
DOC0000037,C000015,KTP,2026-03-14,0.793,0.948,7,10,1644,VALID,0.7,0.948,0.84725,Human Review,Low field completeness
DOC0000039,C000291,Slip Gaji,2024-04-16,0.891,0.821,4,8,4630,VALID,0.5,0.9435,0.801125,Human Review,Low field completeness
DOC0000040,C000586,Form Aplikasi,2026-04-23,0.727,0.872,9,9,3112,VALID,1.0,0.803,0.8436,Human Review,Low OCR confidence
DOC0000041,C000545,Rekening Koran,2026-02-23,0.878,1.0,7,10,3226,VALID,0.7,0.817,0.83045,Human Review,Low field completeness
DOC0000043,C000229,Surat Kerja,2026-05-04,0.82,1.0,7,10,1695,VALID,0.7,0.9325,0.856375,Human Review,Low field completeness
DOC0000044,C000672,NPWP,2026-04-28,0.959,0.886,4,7,949,VALID,0.5714285714285714,0.886,0.8256071428571428,Human Review,Low field completeness
DOC0000049,C000082,NPWP,2025-12-31,0.962,0.864,6,10,4499,VALID,0.6,0.864,0.8225,Human Review,Low field completeness
DOC0000051,C000307,Surat Kerja,2025-09-04,0.771,0.844,7,6,1931,NEEDS_REVIEW,1.0,0.844,0.8647499999999999,Human Review,Low OCR confidence
DOC0000052,C000004,Form Aplikasi,2025-12-18,0.926,1.0,4,6,2432,VALID,0.6666666666666666,0.897,0.8621166666666666,Human Review,Low field completeness
DOC0000054,C000361,Surat Kerja,2026-07-07,0.69,0.725,9,7,3907,VALID,1.0,0.725,0.785,Human Review,Poor image quality
DOC0000055,C000585,Form Aplikasi,2025-11-11,0.781,0.921,11,11,222,VALID,1.0,0.871,0.88825,Human Review,Borderline confidence
DOC0000059,C000521,Form Aplikasi,2024-01-16,0.789,0.792,6,6,3572,NEEDS_REVIEW,1.0,0.86,0.86705,Human Review,Borderline confidence
DOC0000060,C000524,KTP,2025-09-03,0.735,0.948,7,10,2104,VALID,0.7,0.948,0.83275,Human Review,Low field completeness
DOC0000061,C000122,KTP,2024-09-11,0.732,0.858,9,11,2896,VALID,0.8181818181818182,0.9515,0.8492704545454546,Human Review,Borderline confidence
DOC0000062,C000174,Slip Gaji,2026-08-04,0.683,0.995,7,11,856,VALID,0.6363636363636364,0.995,0.8273409090909091,Human Review,Low field completeness
DOC0000066,C000411,Slip Gaji,2025-10-14,0.819,0.995,8,9,2669,VALID,0.8888888888888888,0.866,0.8793222222222221,Human Review,Borderline confidence
DOC0000070,C000599,KTP,2025-05-16,0.774,0.79,11,6,4977,VALID,1.0,0.9369999999999999,0.88995,Human Review,Borderline confidence
DOC0000071,C000297,Surat Kerja,2024-11-06,0.673,0.886,6,6,3400,VALID,1.0,0.964,0.88855,Human Review,Poor image quality
DOC0000073,C000456,Rekening Koran,2024-05-21,0.807,1.0,4,8,2440,VALID,0.5,1.0,0.82675,Human Review,Low field completeness
DOC0000074,C000329,KTP,2024-07-11,0.806,0.946,6,7,2491,VALID,0.8571428571428571,0.975,0.8989357142857144,Human Review,Borderline confidence
DOC0000075,C000506,KTP,2025-05-08,0.658,0.844,8,9,2081,VALID,0.8888888888888888,0.874,0.8192222222222223,Human Review,Poor image quality
DOC0000076,C000469,KTP,2026-07-20,0.739,0.967,10,7,2454,VALID,1.0,0.876,0.8864,Human Review,Borderline confidence
DOC0000077,C000482,Rekening Koran,2026-05-02,0.823,0.85,7,8,2947,VALID,0.875,0.9205,0.8741749999999999,Human Review,Borderline confidence
DOC0000078,C000349,KTP,2025-01-26,0.852,0.937,5,6,1747,VALID,0.8333333333333334,0.937,0.8898333333333335,Human Review,Borderline confidence
DOC0000081,C000200,Surat Kerja,2026-08-21,0.731,0.967,10,8,3276,VALID,1.0,0.8895,0.8891249999999999,Human Review,Borderline confidence
DOC0000082,C000387,Form Aplikasi,2026-08-28,0.713,0.93,9,9,1784,VALID,1.0,0.875,0.8739999999999999,Human Review,Borderline confidence
DOC0000083,C000209,Surat Kerja,2024-02-10,0.798,0.975,6,11,1270,INVALID,0.5454545454545454,0.889,0.7932636363636364,Human Review,Low field completeness
DOC0000084,C000288,KTP,2025-03-20,0.785,0.859,10,7,261,VALID,1.0,0.859,0.87575,Human Review,Borderline confidence
DOC0000086,C000517,KTP,2025-03-19,0.786,1.0,4,11,2611,VALID,0.36363636363636365,1.0,0.787409090909091,Human Review,Low field completeness
DOC0000087,C000371,Rekening Koran,2024-01-30,0.811,1.0,7,11,2659,INVALID,0.6363636363636364,0.9625,0.8487159090909091,Human Review,Low field completeness
DOC0000088,C000244,Slip Gaji,2025-07-03,0.628,0.885,11,11,1002,VALID,1.0,0.9413333333333332,0.8692166666666666,Human Review,Poor image quality
DOC0000090,C000096,Form Aplikasi,2025-05-10,0.708,0.772,11,7,2524,VALID,1.0,0.814,0.8277,Human Review,Low OCR confidence
DOC0000092,C000240,Form Aplikasi,2024-12-12,0.858,0.838,11,8,1236,VALID,1.0,0.81,0.8736999999999999,Human Review,Low OCR confidence
DOC0000096,C000457,Rekening Koran,2026-01-09,0.831,0.986,4,7,282,VALID,0.5714285714285714,0.986,0.8436071428571429,Human Review,Low field completeness
DOC0000098,C000544,Surat Kerja,2024-03-01,0.751,0.955,5,8,825,VALID,0.625,0.955,0.8215,Human Review,Low field completeness
DOC0000099,C000002,Form Aplikasi,2024-01-30,0.859,0.893,6,8,2202,INVALID,0.75,0.893,0.84875,Human Review,Low field completeness
DOC0000100,C000327,Slip Gaji,2026-04-21,0.995,0.728,10,10,1720,VALID,1.0,0.728,0.8627499999999999,Human Review,Low OCR confidence
DOC0000103,C000169,NPWP,2025-06-17,0.637,0.918,8,8,880,VALID,1.0,0.9025000000000001,0.862825,Human Review,Poor image quality
DOC0000104,C000696,Slip Gaji,2026-05-05,0.824,0.829,11,11,470,INVALID,1.0,0.899,0.8949999999999999,Human Review,Borderline confidence
DOC0000105,C000253,Slip Gaji,2025-05-30,0.937,0.945,7,9,1642,VALID,0.7777777777777778,0.94,0.8994444444444445,Human Review,Low field completeness
DOC0000110,C000207,Surat Kerja,2026-04-27,0.845,0.99,10,11,1328,VALID,0.9090909090909091,0.801,0.8673727272727272,Human Review,Low OCR confidence
DOC0000111,C000130,Slip Gaji,2025-07-07,0.906,1.0,6,10,3610,VALID,0.6,0.89,0.8380000000000001,Human Review,Low field completeness
DOC0000112,C000688,Rekening Koran,2025-03-04,0.836,0.864,7,11,542,NEEDS_REVIEW,0.6363636363636364,0.92,0.819690909090909,Human Review,Low field completeness
DOC0000114,C000601,Slip Gaji,2025-10-07,0.606,0.761,7,8,2623,VALID,0.875,0.761,0.7507499999999999,Human Review,Poor image quality
DOC0000115,C000457,Surat Kerja,2026-01-01,1.0,0.82,9,11,4317,VALID,0.8181818181818182,0.82,0.8645454545454545,Human Review,Low OCR confidence
DOC0000116,C000558,Slip Gaji,2026-09-15,1.0,0.883,7,10,3619,NEEDS_REVIEW,0.7,0.954,0.8913499999999999,Human Review,Low field completeness
DOC0000117,C000440,Slip Gaji,2025-01-29,1.0,0.978,4,9,2912,VALID,0.4444444444444444,0.958,0.8431111111111111,Human Review,Low field completeness
DOC0000118,C000654,KTP,2024-11-28,0.864,0.932,5,7,3448,VALID,0.7142857142857143,1.0,0.8843714285714286,Human Review,Low field completeness
DOC0000119,C000017,Slip Gaji,2026-08-12,0.687,0.905,6,7,2432,VALID,0.8571428571428571,0.905,0.8385357142857143,Human Review,Poor image quality
DOC0000121,C000671,Rekening Koran,2024-11-08,0.625,0.909,10,7,4393,NEEDS_REVIEW,1.0,0.909,0.8607499999999999,Human Review,Poor image quality
DOC0000123,C000387,Surat Kerja,2024-03-22,0.76,0.865,6,8,868,INVALID,0.75,0.865,0.81,Human Review,Low field completeness
DOC0000126,C000455,Rekening Koran,2025-02-17,0.785,0.989,8,11,3755,VALID,0.7272727272727273,0.9255,0.8503431818181817,Human Review,Low field completeness
DOC0000127,C000238,Slip Gaji,2024-03-15,0.634,0.885,11,6,3904,VALID,1.0,0.885,0.851,Human Review,Poor image quality
DOC0000129,C000666,Form Aplikasi,2024-06-13,0.897,0.957,6,11,227,VALID,0.5454545454545454,0.957,0.8391136363636362,Human Review,Low field completeness
DOC0000130,C000110,Slip Gaji,2026-07-05,0.919,1.0,8,9,3329,NEEDS_REVIEW,0.8888888888888888,0.831,0.8928222222222222,Human Review,Low OCR confidence
DOC0000131,C000131,Surat Kerja,2026-04-08,0.422,0.772,11,10,1759,VALID,1.0,0.857,0.77125,Human Review,Poor image quality
DOC0000133,C000646,NPWP,2026-05-28,0.856,0.801,4,8,2334,VALID,0.5,0.9075,0.776775,Human Review,Low field completeness
DOC0000134,C000304,NPWP,2024-06-01,0.887,0.959,7,10,3620,VALID,0.7,0.929,0.86575,Human Review,Low field completeness
DOC0000135,C000323,NPWP,2025-07-09,0.913,0.947,5,6,3416,INVALID,0.8333333333333334,0.9015,0.8941583333333333,Human Review,Borderline confidence
DOC0000136,C000408,Rekening Koran,2024-02-10,0.9,0.886,5,7,1857,VALID,0.7142857142857143,0.848,0.8332714285714286,Human Review,Low field completeness
DOC0000137,C000663,Surat Kerja,2025-08-12,0.847,0.938,8,10,4542,VALID,0.8,0.8725,0.8578250000000001,Human Review,Borderline confidence
DOC0000139,C000467,NPWP,2024-06-11,0.905,0.811,10,11,4314,VALID,0.9090909090909091,0.811,0.8590227272727273,Human Review,Low OCR confidence
DOC0000140,C000639,KTP,2025-10-29,0.827,0.883,6,10,4578,VALID,0.6,0.883,0.79825,Human Review,Low field completeness
DOC0000141,C000637,Rekening Koran,2026-01-15,0.607,0.881,6,7,3157,VALID,0.8571428571428571,0.881,0.8065357142857142,Human Review,Poor image quality
DOC0000142,C000502,Slip Gaji,2026-09-03,0.8,0.949,9,11,4815,VALID,0.8181818181818182,0.751,0.8097454545454545,Human Review,Low OCR confidence
DOC0000145,C000535,Rekening Koran,2025-09-25,0.695,1.0,6,7,1348,VALID,0.8571428571428571,0.838,0.8313357142857143,Human Review,Poor image quality
DOC0000147,C000235,Surat Kerja,2024-04-25,0.851,0.894,7,8,4993,VALID,0.875,0.894,0.8785,Human Review,Borderline confidence
DOC0000150,C000354,Rekening Koran,2025-07-06,0.955,0.924,4,11,236,VALID,0.36363636363636365,0.88,0.776259090909091,Human Review,Low field completeness
DOC0000152,C000534,Surat Kerja,2024-12-19,0.697,0.846,7,7,1237,INVALID,1.0,0.99,0.89765,Human Review,Poor image quality
DOC0000153,C000524,Rekening Koran,2026-07-04,0.831,0.918,4,7,835,VALID,0.5714285714285714,0.918,0.8096071428571427,Human Review,Low field completeness
DOC0000154,C000197,KTP,2024-03-08,0.86,0.85,4,6,1743,INVALID,0.6666666666666666,0.85,0.8066666666666666,Human Review,Low field completeness
DOC0000156,C000296,Surat Kerja,2025-01-29,0.867,0.913,8,10,3594,VALID,0.8,0.978,0.896,Human Review,Borderline confidence
DOC0000157,C000325,Slip Gaji,2026-01-29,0.795,0.911,4,8,947,VALID,0.5,0.85,0.7579,Human Review,Low field completeness
DOC0000158,C000031,Slip Gaji,2026-04-03,0.976,0.932,5,8,4595,NEEDS_REVIEW,0.625,0.9365,0.867825,Human Review,Low field completeness
DOC0000159,C000275,Form Aplikasi,2025-04-18,0.566,0.797,9,11,1502,VALID,0.8181818181818182,0.866,0.7686954545454546,Human Review,Poor image quality
DOC0000160,C000005,Rekening Koran,2025-07-20,1.0,1.0,0,9,323,VALID,0.0,1.0,0.75,Human Review,Low field completeness
DOC0000161,C000261,Slip Gaji,2025-05-01,0.74,0.903,6,9,856,VALID,0.6666666666666666,0.8823333333333333,0.7959333333333333,Human Review,Low field completeness
DOC0000162,C000270,Rekening Koran,2026-04-24,0.702,0.978,4,8,85,VALID,0.5,0.898,0.7615000000000001,Human Review,Low field completeness
DOC0000164,C000654,Slip Gaji,2024-01-27,1.0,0.812,5,11,567,VALID,0.45454545454545453,0.999,0.8350863636363637,Human Review,Low field completeness
DOC0000165,C000074,KTP,2025-02-26,0.848,0.858,6,8,1281,VALID,0.75,0.858,0.8285,Human Review,Low field completeness
DOC0000168,C000368,KTP,2024-03-27,0.923,0.968,8,11,4046,VALID,0.7272727272727273,0.968,0.8965681818181819,Human Review,Low field completeness
DOC0000172,C000323,Rekening Koran,2025-06-16,0.785,0.972,4,7,897,VALID,0.5714285714285714,0.881,0.7932571428571427,Human Review,Low field completeness
DOC0000173,C000677,Slip Gaji,2025-01-24,0.806,0.906,8,10,4855,VALID,0.8,0.941,0.86675,Human Review,Borderline confidence
DOC0000175,C000432,Surat Kerja,2024-02-08,0.904,0.893,5,11,1258,VALID,0.45454545454545453,0.9819999999999999,0.8172863636363636,Human Review,Low field completeness
DOC0000176,C000347,KTP,2026-09-15,0.89,0.804,6,11,2860,VALID,0.5454545454545454,1.0,0.8294636363636364,Human Review,Low field completeness
DOC0000178,C000599,NPWP,2025-05-20,0.866,0.743,7,7,2856,NEEDS_REVIEW,1.0,0.743,0.8380000000000001,Human Review,Low OCR confidence
DOC0000179,C000510,Rekening Koran,2025-08-30,0.527,0.882,11,10,1168,VALID,1.0,0.882,0.82275,Human Review,Poor image quality
DOC0000181,C000439,Slip Gaji,2025-10-30,0.672,0.928,11,9,4662,VALID,1.0,0.914,0.8771,Human Review,Poor image quality
DOC0000182,C000150,KTP,2024-07-17,0.635,0.824,7,7,4060,NEEDS_REVIEW,1.0,0.912,0.85155,Human Review,Poor image quality
DOC0000183,C000172,NPWP,2024-03-21,1.0,0.893,5,8,1873,VALID,0.625,0.893,0.85275,Human Review,Low field completeness
DOC0000184,C000026,Form Aplikasi,2025-06-29,1.0,0.936,6,9,4522,VALID,0.6666666666666666,0.949,0.8892166666666665,Human Review,Low field completeness
DOC0000186,C000641,Slip Gaji,2024-10-15,0.815,0.983,6,10,1011,VALID,0.6,1.0,0.8512,Human Review,Low field completeness
DOC0000187,C000139,KTP,2026-08-22,1.0,0.987,5,11,3126,NEEDS_REVIEW,0.45454545454545453,0.987,0.8571363636363637,Human Review,Low field completeness
DOC0000189,C000535,Rekening Koran,2025-04-27,0.84,0.77,4,6,3641,VALID,0.6666666666666666,0.9616666666666666,0.8287499999999999,Human Review,Low field completeness
DOC0000191,C000144,Slip Gaji,2024-02-10,0.838,0.956,5,9,321,VALID,0.5555555555555556,0.94,0.8207888888888888,Human Review,Low field completeness
DOC0000193,C000142,NPWP,2024-04-22,0.672,1.0,4,8,1191,VALID,0.5,1.0,0.793,Human Review,Low field completeness
DOC0000196,C000412,Rekening Koran,2025-05-12,0.85,0.875,4,8,2601,VALID,0.5,0.887,0.7792,Human Review,Low field completeness
DOC0000199,C000300,Form Aplikasi,2026-02-17,0.871,1.0,9,11,4806,VALID,0.8181818181818182,0.923,0.8953454545454546,Human Review,Borderline confidence
DOC0000200,C000419,Surat Kerja,2025-03-01,0.865,0.807,8,7,3022,VALID,1.0,0.866,0.8904,Human Review,Borderline confidence
DOC0000201,C000521,KTP,2026-01-02,0.858,0.729,6,9,624,NEEDS_REVIEW,0.6666666666666666,0.894,0.8034166666666666,Human Review,Low field completeness
DOC0000203,C000496,Slip Gaji,2024-09-05,0.695,0.936,6,8,706,VALID,0.75,0.936,0.8292499999999999,Human Review,Low field completeness
DOC0000205,C000314,Slip Gaji,2024-12-09,1.0,0.936,7,10,1265,VALID,0.7,0.932,0.8916000000000001,Human Review,Low field completeness
DOC0000210,C000555,Form Aplikasi,2024-05-08,1.0,0.889,7,10,1398,VALID,0.7,0.889,0.8695,Human Review,Low field completeness
DOC0000211,C000440,Slip Gaji,2026-07-27,0.764,0.954,5,7,3753,NEEDS_REVIEW,0.7142857142857143,0.954,0.8465714285714285,Human Review,Low field completeness
DOC0000212,C000041,Rekening Koran,2026-01-09,0.695,0.86,5,7,4074,VALID,0.7142857142857143,0.794,0.7592214285714286,Human Review,Low field completeness
DOC0000213,C000645,KTP,2026-07-02,0.762,0.818,11,7,1763,VALID,1.0,0.7965,0.841975,Human Review,Low OCR confidence
DOC0000214,C000675,Rekening Koran,2025-08-31,0.67,0.912,10,9,1941,INVALID,1.0,0.876,0.8609,Human Review,Poor image quality
DOC0000216,C000510,KTP,2026-03-20,0.846,0.78,5,7,930,VALID,0.7142857142857143,0.8883333333333333,0.8179880952380952,Human Review,Low field completeness
DOC0000217,C000137,Rekening Koran,2024-05-14,0.691,0.896,11,6,2106,VALID,1.0,0.885,0.8668999999999999,Human Review,Poor image quality
DOC0000218,C000170,Slip Gaji,2026-07-12,0.732,0.906,7,8,724,VALID,0.875,0.906,0.85475,Human Review,Borderline confidence
DOC0000220,C000083,KTP,2024-09-11,0.779,0.953,7,11,3189,VALID,0.6363636363636364,0.828,0.786590909090909,Human Review,Low field completeness
DOC0000222,C000051,KTP,2024-08-15,0.989,0.812,8,10,3044,INVALID,0.8,0.9219999999999999,0.8917499999999999,Human Review,Borderline confidence
DOC0000223,C000090,Form Aplikasi,2024-07-06,0.648,0.988,8,11,3744,INVALID,0.7272727272727273,0.774,0.7629181818181817,Human Review,Low field completeness
DOC0000224,C000113,Slip Gaji,2026-01-19,0.938,0.791,9,9,2565,VALID,1.0,0.791,0.88,Human Review,Low OCR confidence
DOC0000227,C000447,Form Aplikasi,2024-04-07,0.776,0.928,6,9,3955,VALID,0.6666666666666666,0.928,0.8246666666666665,Human Review,Low field completeness
DOC0000228,C000427,Form Aplikasi,2026-09-06,0.914,0.892,5,9,1527,INVALID,0.5555555555555556,0.904,0.817588888888889,Human Review,Low field completeness
DOC0000229,C000461,KTP,2025-08-28,0.68,0.828,7,8,351,VALID,0.875,0.828,0.80275,Human Review,Poor image quality
DOC0000231,C000367,Surat Kerja,2026-05-16,0.881,0.81,7,10,4011,VALID,0.7,0.96,0.8527499999999999,Human Review,Low field completeness
DOC0000232,C000172,KTP,2025-01-06,0.725,0.871,9,11,2695,VALID,0.8181818181818182,0.8694999999999999,0.8207704545454546,Human Review,Borderline confidence
DOC0000233,C000087,NPWP,2025-03-25,0.983,0.897,4,8,4859,VALID,0.5,0.863,0.80735,Human Review,Low field completeness
DOC0000234,C000405,Form Aplikasi,2026-04-07,0.875,0.863,5,7,1121,VALID,0.7142857142857143,0.8175,0.8128964285714285,Human Review,Low field completeness
DOC0000236,C000406,NPWP,2026-07-27,0.849,0.908,9,8,2281,VALID,1.0,0.835,0.8906999999999999,Human Review,Low OCR confidence
DOC0000237,C000118,KTP,2025-04-12,0.762,0.919,10,7,4013,VALID,1.0,0.88,0.88635,Human Review,Borderline confidence
DOC0000238,C000589,Surat Kerja,2024-07-25,0.767,0.864,6,10,1145,VALID,0.6,0.864,0.7737499999999999,Human Review,Low field completeness
DOC0000239,C000455,Slip Gaji,2026-06-28,0.792,0.998,6,9,2270,VALID,0.6666666666666666,0.98,0.8573666666666666,Human Review,Low field completeness
DOC0000242,C000382,Rekening Koran,2026-07-18,1.0,1.0,7,11,2680,VALID,0.6363636363636364,0.97,0.898590909090909,Human Review,Low field completeness
DOC0000243,C000699,KTP,2026-01-07,0.871,0.715,6,8,2822,NEEDS_REVIEW,0.75,0.715,0.7627499999999999,Human Review,Low field completeness
DOC0000244,C000328,Rekening Koran,2025-08-10,0.896,0.991,4,9,2205,VALID,0.4444444444444444,0.876,0.7903611111111111,Human Review,Low field completeness
DOC0000247,C000344,Form Aplikasi,2026-04-29,0.623,0.932,9,7,3222,NEEDS_REVIEW,1.0,0.916,0.8661500000000001,Human Review,Poor image quality
DOC0000252,C000160,Rekening Koran,2024-09-12,0.814,0.963,9,11,1433,VALID,0.8181818181818182,0.963,0.8895454545454545,Human Review,Borderline confidence
DOC0000255,C000632,KTP,2024-07-15,0.965,0.865,8,11,4769,VALID,0.7272727272727273,0.865,0.8555681818181817,Human Review,Low field completeness
DOC0000257,C000251,Rekening Koran,2024-01-19,0.892,0.825,8,10,1170,VALID,0.8,0.825,0.8354999999999999,Human Review,Low OCR confidence
DOC0000260,C000363,KTP,2026-08-09,0.878,0.872,5,11,1021,VALID,0.45454545454545453,0.966,0.8020363636363637,Human Review,Low field completeness
DOC0000264,C000662,Slip Gaji,2026-05-09,0.721,0.856,7,11,690,VALID,0.6363636363636364,0.914,0.787640909090909,Human Review,Low field completeness
DOC0000265,C000181,Form Aplikasi,2026-05-07,0.814,0.766,6,7,430,VALID,0.8571428571428571,0.888,0.8434857142857143,Human Review,Borderline confidence
DOC0000267,C000313,NPWP,2024-10-09,0.79,0.923,5,7,831,VALID,0.7142857142857143,1.0,0.8645214285714286,Human Review,Low field completeness
DOC0000268,C000093,Slip Gaji,2024-02-17,0.849,0.876,8,9,1402,VALID,0.8888888888888888,0.876,0.8724722222222222,Human Review,Borderline confidence
DOC0000269,C000196,NPWP,2025-02-17,0.699,0.972,4,8,1301,VALID,0.5,0.972,0.78575,Human Review,Low field completeness
DOC0000272,C000632,Surat Kerja,2024-10-11,0.849,0.868,9,6,1882,VALID,1.0,0.838,0.8857499999999999,Human Review,Low OCR confidence
DOC0000274,C000590,Rekening Koran,2024-07-26,1.0,0.963,4,10,4731,VALID,0.4,0.963,0.8314999999999999,Human Review,Low field completeness
DOC0000276,C000181,Form Aplikasi,2026-05-12,0.683,0.955,7,7,2691,NEEDS_REVIEW,1.0,0.955,0.89825,Human Review,Poor image quality
DOC0000277,C000159,Slip Gaji,2024-07-05,0.812,0.919,9,10,2354,VALID,0.9,0.857,0.8658,Human Review,Borderline confidence
DOC0000278,C000127,Slip Gaji,2025-04-05,0.971,0.963,7,9,1857,INVALID,0.7777777777777778,0.8945000000000001,0.8947194444444444,Human Review,Low field completeness
DOC0000280,C000666,Surat Kerja,2024-08-26,0.866,0.957,5,9,823,VALID,0.5555555555555556,0.923,0.8219888888888888,Human Review,Low field completeness
DOC0000281,C000497,Form Aplikasi,2026-04-05,1.0,0.932,8,10,955,VALID,0.8,0.884,0.8992000000000001,Human Review,Borderline confidence
DOC0000282,C000244,Form Aplikasi,2024-01-15,0.836,0.883,10,7,1731,VALID,1.0,0.843,0.8865,Human Review,Low OCR confidence
DOC0000283,C000192,Slip Gaji,2026-09-07,0.706,0.907,6,8,1693,VALID,0.75,0.907,0.8175,Human Review,Low field completeness
DOC0000284,C000423,Slip Gaji,2024-01-26,0.879,0.992,4,9,4010,VALID,0.4444444444444444,1.0,0.8296611111111112,Human Review,Low field completeness
DOC0000286,C000535,Form Aplikasi,2024-11-04,0.643,1.0,4,6,1440,VALID,0.6666666666666666,1.0,0.8274166666666667,Human Review,Low field completeness
DOC0000287,C000459,Surat Kerja,2024-12-14,0.799,1.0,4,10,1437,VALID,0.4,0.908,0.76755,Human Review,Low field completeness
DOC0000288,C000596,Rekening Koran,2024-02-12,0.884,0.949,4,11,990,NEEDS_REVIEW,0.36363636363636365,0.949,0.7864090909090908,Human Review,Low field completeness
DOC0000289,C000189,Rekening Koran,2025-04-12,0.927,0.914,6,8,2553,VALID,0.75,0.885,0.8661,Human Review,Low field completeness
DOC0000293,C000009,Rekening Koran,2024-03-08,0.852,0.969,7,11,1365,VALID,0.6363636363636364,0.969,0.856590909090909,Human Review,Low field completeness
DOC0000294,C000626,Slip Gaji,2025-04-15,0.763,0.964,5,10,592,NEEDS_REVIEW,0.5,0.964,0.79775,Human Review,Low field completeness
DOC0000297,C000334,KTP,2025-12-06,0.932,0.88,8,9,2272,NEEDS_REVIEW,0.8888888888888888,0.847,0.8836722222222222,Human Review,Low OCR confidence
DOC0000298,C000066,Surat Kerja,2026-07-27,0.862,0.9,6,11,2722,VALID,0.5454545454545454,0.9,0.8018636363636363,Human Review,Low field completeness
DOC0000300,C000439,Slip Gaji,2024-10-16,0.795,0.896,8,7,4833,VALID,1.0,0.841,0.8775,Human Review,Low OCR confidence
DOC0000301,C000086,Surat Kerja,2026-06-28,0.933,0.875,8,11,4018,VALID,0.7272727272727273,0.905,0.8630681818181819,Human Review,Low field completeness
DOC0000302,C000321,Rekening Koran,2024-03-21,0.862,0.911,9,11,4357,VALID,0.8181818181818182,0.911,0.8755454545454546,Human Review,Borderline confidence
DOC0000304,C000109,NPWP,2026-05-10,0.918,0.824,9,10,1602,VALID,0.9,0.824,0.8665,Human Review,Low OCR confidence
DOC0000308,C000365,NPWP,2025-01-27,0.926,0.72,7,6,969,VALID,1.0,0.826,0.8785999999999999,Human Review,Low OCR confidence
DOC0000309,C000104,KTP,2024-10-14,0.834,0.762,10,6,4768,VALID,1.0,0.762,0.8394999999999999,Human Review,Low OCR confidence
DOC0000310,C000047,KTP,2024-05-02,0.875,0.665,5,6,2902,VALID,0.8333333333333334,0.8915,0.8388583333333334,Human Review,Borderline confidence
DOC0000311,C000582,Slip Gaji,2025-08-03,0.993,0.932,4,10,1115,VALID,0.4,0.875,0.7943,Human Review,Low field completeness
DOC0000313,C000202,KTP,2024-10-27,1.0,0.85,4,11,356,INVALID,0.36363636363636365,0.85,0.7659090909090909,Human Review,Low field completeness
DOC0000314,C000514,Rekening Koran,2024-08-22,0.904,0.871,4,9,4455,VALID,0.4444444444444444,0.871,0.7726111111111109,Human Review,Low field completeness
DOC0000316,C000579,Slip Gaji,2025-02-22,0.828,0.944,9,7,3847,VALID,1.0,0.807,0.8810499999999999,Human Review,Low OCR confidence
DOC0000317,C000176,KTP,2025-03-27,0.594,1.0,9,11,4250,VALID,0.8181818181818182,0.883,0.8120954545454546,Human Review,Poor image quality
DOC0000318,C000306,KTP,2024-05-30,0.801,0.917,6,6,1730,VALID,1.0,0.777,0.85975,Human Review,Low OCR confidence
DOC0000321,C000273,Slip Gaji,2026-03-16,0.878,0.936,8,11,2733,NEEDS_REVIEW,0.7272727272727273,0.8734999999999999,0.8474431818181817,Human Review,Low field completeness
DOC0000322,C000477,Rekening Koran,2025-01-24,0.918,1.0,5,11,2675,VALID,0.45454545454545453,1.0,0.8431363636363637,Human Review,Low field completeness
DOC0000323,C000595,KTP,2026-07-20,0.831,0.901,5,11,4649,VALID,0.45454545454545453,0.901,0.7718863636363635,Human Review,Low field completeness
DOC0000324,C000508,Surat Kerja,2026-06-10,0.865,0.903,9,11,2963,VALID,0.8181818181818182,0.903,0.8722954545454545,Human Review,Borderline confidence
DOC0000325,C000645,Form Aplikasi,2025-11-28,0.667,0.963,9,10,1949,VALID,0.9,1.0,0.8862,Human Review,Poor image quality
DOC0000326,C000698,Slip Gaji,2024-02-28,0.897,0.839,4,8,2069,VALID,0.5,1.0,0.8251,Human Review,Low field completeness
DOC0000329,C000128,Surat Kerja,2024-08-09,0.993,1.0,6,8,3657,NEEDS_REVIEW,0.75,0.812,0.86995,Human Review,Low field completeness
DOC0000336,C000102,Rekening Koran,2026-03-19,0.767,0.875,6,10,3160,NEEDS_REVIEW,0.6,0.875,0.77925,Human Review,Low field completeness
DOC0000340,C000224,Rekening Koran,2024-11-21,1.0,0.9,6,9,3488,VALID,0.6666666666666666,0.8494999999999999,0.8489916666666666,Human Review,Low field completeness
DOC0000341,C000167,Rekening Koran,2024-09-19,0.918,1.0,4,10,1300,VALID,0.4,0.929,0.80465,Human Review,Low field completeness
DOC0000343,C000448,Surat Kerja,2026-01-21,0.927,0.773,10,11,4651,NEEDS_REVIEW,0.9090909090909091,0.904,0.8913727272727273,Human Review,Borderline confidence
DOC0000344,C000086,KTP,2024-12-18,0.644,1.0,4,9,2270,VALID,0.4444444444444444,0.937,0.7500611111111112,Human Review,Low field completeness
DOC0000346,C000087,Form Aplikasi,2025-07-22,0.665,0.959,11,8,2103,VALID,1.0,0.889,0.8712500000000001,Human Review,Poor image quality
DOC0000347,C000366,Surat Kerja,2025-04-01,0.802,0.885,10,7,3950,VALID,1.0,0.757,0.8482,Human Review,Low OCR confidence
DOC0000348,C000466,Form Aplikasi,2024-03-27,0.808,0.743,6,6,2511,VALID,1.0,0.743,0.8235000000000001,Human Review,Low OCR confidence
DOC0000349,C000264,Surat Kerja,2026-05-10,0.903,0.914,6,7,2954,VALID,0.8571428571428571,0.914,0.8970357142857143,Human Review,Borderline confidence
DOC0000350,C000652,Rekening Koran,2025-10-31,0.913,0.765,5,11,485,VALID,0.45454545454545453,0.956,0.7912363636363636,Human Review,Low field completeness
DOC0000351,C000583,NPWP,2026-06-06,0.906,0.845,8,7,1307,VALID,1.0,0.845,0.899,Human Review,Low OCR confidence
DOC0000352,C000576,Surat Kerja,2024-09-21,0.85,0.937,6,10,4417,VALID,0.6,0.899,0.8177000000000001,Human Review,Low field completeness
DOC0000353,C000645,NPWP,2026-03-09,0.76,1.0,5,10,2016,VALID,0.5,1.0,0.8150000000000001,Human Review,Low field completeness
DOC0000354,C000521,Form Aplikasi,2026-02-01,0.894,0.757,5,7,4216,VALID,0.7142857142857143,0.935,0.8428714285714286,Human Review,Low field completeness
DOC0000355,C000638,Slip Gaji,2025-01-29,0.752,0.831,8,6,3716,VALID,1.0,0.831,0.8534999999999999,Human Review,Low OCR confidence
DOC0000357,C000549,Surat Kerja,2026-03-28,0.778,0.855,6,6,504,VALID,1.0,0.855,0.8719999999999999,Human Review,Borderline confidence
DOC0000360,C000482,Slip Gaji,2025-05-22,0.744,0.833,11,7,1211,VALID,1.0,0.833,0.8524999999999999,Human Review,Low OCR confidence
DOC0000361,C000391,Form Aplikasi,2025-10-04,0.733,0.758,11,7,1717,NEEDS_REVIEW,1.0,0.9,0.86195,Human Review,Borderline confidence
DOC0000365,C000692,Surat Kerja,2024-04-03,1.0,0.892,7,10,950,VALID,0.7,0.892,0.8710000000000001,Human Review,Low field completeness
DOC0000369,C000199,Surat Kerja,2024-06-10,0.854,0.967,8,8,3307,VALID,1.0,0.823,0.8966,Human Review,Low OCR confidence
DOC0000371,C000533,Surat Kerja,2025-11-22,0.816,0.838,8,11,3571,VALID,0.7272727272727273,0.838,0.8048181818181817,Human Review,Low field completeness
DOC0000372,C000053,Form Aplikasi,2026-04-30,1.0,0.873,6,9,3423,VALID,0.6666666666666666,0.797,0.8265666666666667,Human Review,Low field completeness
DOC0000373,C000236,Rekening Koran,2026-09-25,0.758,0.962,6,7,3228,VALID,0.8571428571428571,0.864,0.8504857142857143,Human Review,Borderline confidence
DOC0000374,C000230,KTP,2024-07-26,0.804,0.897,9,8,276,VALID,1.0,0.897,0.8995,Human Review,Borderline confidence
DOC0000377,C000091,Rekening Koran,2024-08-09,0.952,0.987,6,9,4770,VALID,0.6666666666666666,0.974,0.8936166666666666,Human Review,Low field completeness
DOC0000378,C000455,Slip Gaji,2025-06-27,0.927,0.873,7,10,1287,VALID,0.7,0.873,0.8432499999999999,Human Review,Low field completeness
DOC0000380,C000302,Slip Gaji,2026-08-15,0.847,0.847,7,7,3759,VALID,1.0,0.847,0.88525,Human Review,Low OCR confidence
DOC0000382,C000287,Form Aplikasi,2024-01-17,0.873,1.0,4,8,1307,VALID,0.5,0.869,0.7974,Human Review,Low field completeness
DOC0000386,C000062,Slip Gaji,2025-03-13,0.741,0.949,11,7,814,NEEDS_REVIEW,1.0,0.894,0.8905,Human Review,Borderline confidence
DOC0000389,C000195,Form Aplikasi,2025-12-09,0.853,0.92,8,6,912,VALID,1.0,0.835,0.8935,Human Review,Low OCR confidence
DOC0000390,C000413,NPWP,2025-07-31,1.0,0.823,5,11,2850,NEEDS_REVIEW,0.45454545454545453,0.8574999999999999,0.7872113636363636,Human Review,Low field completeness
DOC0000391,C000647,Rekening Koran,2025-10-28,0.779,0.824,9,6,846,VALID,1.0,0.861,0.8696999999999999,Human Review,Borderline confidence
DOC0000392,C000690,Surat Kerja,2024-05-05,0.76,0.942,6,9,4007,NEEDS_REVIEW,0.6666666666666666,0.9195,0.8197916666666666,Human Review,Low field completeness
DOC0000394,C000236,KTP,2026-01-13,0.78,0.857,8,6,1345,VALID,1.0,0.857,0.8734999999999999,Human Review,Borderline confidence
DOC0000395,C000237,Slip Gaji,2024-11-16,0.691,0.992,5,9,1327,NEEDS_REVIEW,0.5555555555555556,1.0,0.8104388888888889,Human Review,Low field completeness
DOC0000398,C000384,NPWP,2026-07-02,0.783,0.856,8,11,2850,VALID,0.7272727272727273,0.826,0.7950681818181818,Human Review,Low field completeness
DOC0000402,C000065,Slip Gaji,2024-04-22,0.821,0.709,8,7,1625,VALID,1.0,0.709,0.80975,Human Review,Low OCR confidence
DOC0000403,C000273,Form Aplikasi,2024-09-23,0.708,0.908,7,6,1912,VALID,1.0,0.908,0.8809999999999999,Human Review,Borderline confidence
DOC0000406,C000476,Slip Gaji,2026-07-07,0.849,1.0,4,10,3068,VALID,0.4,1.0,0.8122499999999999,Human Review,Low field completeness
DOC0000408,C000116,Slip Gaji,2026-06-01,0.802,0.849,5,10,403,VALID,0.5,0.9355,0.7802749999999999,Human Review,Low field completeness
DOC0000409,C000314,Form Aplikasi,2024-01-12,0.943,1.0,11,9,1740,VALID,1.0,0.7475,0.897375,Human Review,Low OCR confidence
DOC0000410,C000062,Slip Gaji,2025-08-31,0.949,1.0,6,10,4110,VALID,0.6,1.0,0.88725,Human Review,Low field completeness
DOC0000414,C000307,Form Aplikasi,2024-07-05,0.877,0.902,8,9,102,VALID,0.8888888888888888,0.902,0.8924722222222222,Human Review,Borderline confidence
DOC0000415,C000316,KTP,2025-10-12,0.801,0.926,5,11,1715,VALID,0.45454545454545453,0.926,0.7768863636363637,Human Review,Low field completeness
DOC0000416,C000553,KTP,2025-03-30,0.748,0.838,8,10,3686,VALID,0.8,0.9245,0.8362749999999999,Human Review,Borderline confidence
DOC0000417,C000660,Form Aplikasi,2025-05-21,0.779,0.885,10,9,4227,VALID,1.0,0.826,0.8666,Human Review,Low OCR confidence
DOC0000418,C000050,Slip Gaji,2026-02-15,0.891,0.945,4,6,1414,VALID,0.6666666666666666,0.945,0.8619166666666667,Human Review,Low field completeness
DOC0000419,C000579,Surat Kerja,2024-12-02,0.952,1.0,4,6,3024,VALID,0.6666666666666666,0.778,0.8269666666666666,Human Review,Low field completeness
DOC0000421,C000543,Form Aplikasi,2026-09-09,0.878,0.988,4,10,1219,VALID,0.4,1.0,0.8177,Human Review,Low field completeness
DOC0000425,C000204,KTP,2024-07-14,0.761,0.81,10,8,1343,VALID,1.0,0.961,0.8980999999999999,Human Review,Borderline confidence
DOC0000430,C000207,Rekening Koran,2025-10-10,0.767,1.0,6,6,2610,VALID,1.0,0.8545,0.890825,Human Review,Borderline confidence
DOC0000432,C000550,KTP,2024-10-26,0.988,0.965,8,11,1564,NEEDS_REVIEW,0.7272727272727273,0.767,0.8420181818181818,Human Review,Low field completeness
DOC0000434,C000071,Rekening Koran,2024-10-24,0.943,0.801,4,6,2427,VALID,0.6666666666666666,0.801,0.8029166666666666,Human Review,Low field completeness
DOC0000444,C000338,KTP,2024-10-01,0.782,1.0,6,9,2848,VALID,0.6666666666666666,0.941,0.8415166666666667,Human Review,Low field completeness
DOC0000445,C000618,Rekening Koran,2024-07-10,1.0,0.871,4,10,2554,VALID,0.4,0.871,0.7854999999999999,Human Review,Low field completeness
DOC0000447,C000017,Rekening Koran,2024-11-24,0.768,0.878,8,10,937,VALID,0.8,1.0,0.8736999999999999,Human Review,Borderline confidence
DOC0000448,C000467,Slip Gaji,2025-11-20,0.981,0.801,6,9,3494,VALID,0.6666666666666666,0.801,0.8124166666666666,Human Review,Low field completeness
DOC0000449,C000279,Rekening Koran,2024-05-15,0.926,0.863,4,6,1869,VALID,0.6666666666666666,0.863,0.8296666666666666,Human Review,Low field completeness
DOC0000451,C000465,Slip Gaji,2025-07-10,0.739,0.874,8,8,782,VALID,1.0,0.943,0.8958999999999999,Human Review,Borderline confidence
DOC0000453,C000054,NPWP,2025-11-22,0.953,0.983,7,11,325,INVALID,0.6363636363636364,0.9470000000000001,0.876240909090909,Human Review,Low field completeness
DOC0000454,C000614,Rekening Koran,2026-02-27,0.862,0.907,9,11,739,VALID,0.8181818181818182,0.907,0.8735454545454546,Human Review,Borderline confidence
DOC0000455,C000377,Slip Gaji,2024-02-24,0.731,0.78,9,6,398,NEEDS_REVIEW,1.0,0.78,0.82275,Human Review,Low OCR confidence
DOC0000456,C000595,Slip Gaji,2024-12-18,0.832,0.931,8,10,504,NEEDS_REVIEW,0.8,0.8813333333333334,0.8561166666666666,Human Review,Borderline confidence
DOC0000457,C000484,Surat Kerja,2026-07-13,0.763,0.882,7,7,3757,VALID,1.0,0.882,0.8817499999999999,Human Review,Borderline confidence
DOC0000458,C000054,Slip Gaji,2024-11-11,0.88,0.906,6,10,1004,VALID,0.6,0.915,0.82615,Human Review,Low field completeness
DOC0000459,C000617,Form Aplikasi,2024-12-30,0.826,0.934,6,7,4695,VALID,0.8571428571428571,0.93,0.8863857142857143,Human Review,Borderline confidence
DOC0000460,C000575,Rekening Koran,2025-09-26,0.859,0.861,10,7,4692,NEEDS_REVIEW,1.0,0.861,0.89525,Human Review,Borderline confidence
DOC0000462,C000065,NPWP,2026-03-04,0.799,0.824,10,8,2556,VALID,1.0,0.824,0.86175,Human Review,Low OCR confidence
DOC0000463,C000313,Rekening Koran,2025-03-05,0.752,0.889,11,7,4665,VALID,1.0,0.889,0.8825,Human Review,Borderline confidence
DOC0000471,C000439,Surat Kerja,2025-12-06,1.0,0.842,5,7,1759,VALID,0.7142857142857143,0.842,0.8495714285714285,Human Review,Low field completeness
DOC0000473,C000171,Form Aplikasi,2026-05-01,0.972,0.786,6,7,274,VALID,0.8571428571428571,0.786,0.8502857142857143,Human Review,Low OCR confidence
DOC0000474,C000559,Form Aplikasi,2025-08-27,0.603,0.892,8,6,4530,VALID,1.0,0.892,0.84675,Human Review,Poor image quality
DOC0000475,C000206,Surat Kerja,2026-08-31,0.965,0.997,5,7,965,VALID,0.7142857142857143,0.88,0.8773714285714286,Human Review,Low field completeness
DOC0000476,C000533,Slip Gaji,2024-05-20,0.745,0.887,10,8,1342,VALID,1.0,0.9185,0.890775,Human Review,Borderline confidence
DOC0000477,C000109,Surat Kerja,2024-03-14,0.931,0.891,7,11,4506,VALID,0.6363636363636364,0.8745,0.8315659090909091,Human Review,Low field completeness
DOC0000478,C000560,Rekening Koran,2024-03-01,0.838,0.946,6,7,4045,VALID,0.8571428571428571,0.946,0.8967857142857143,Human Review,Borderline confidence
DOC0000480,C000351,Form Aplikasi,2025-09-04,0.865,0.885,5,7,1190,VALID,0.7142857142857143,0.769,0.7967214285714286,Human Review,Low field completeness
DOC0000485,C000499,Surat Kerja,2024-01-31,0.761,0.967,6,8,1245,VALID,0.75,0.909,0.84095,Human Review,Low field completeness
DOC0000486,C000273,Form Aplikasi,2025-06-24,0.946,0.815,5,10,1642,VALID,0.5,0.815,0.7689999999999999,Human Review,Low field completeness
DOC0000487,C000351,Rekening Koran,2024-06-07,0.855,0.861,11,11,2426,VALID,1.0,0.861,0.8942499999999999,Human Review,Borderline confidence
DOC0000489,C000591,Slip Gaji,2025-09-02,0.764,0.866,6,7,4631,VALID,0.8571428571428571,0.866,0.8382857142857143,Human Review,Borderline confidence
DOC0000494,C000169,Rekening Koran,2025-11-01,0.754,0.994,11,11,2923,INVALID,1.0,0.824,0.876,Human Review,Low OCR confidence
DOC0000498,C000333,Surat Kerja,2025-12-25,0.962,0.968,4,11,4039,VALID,0.36363636363636365,0.968,0.8154090909090909,Human Review,Low field completeness
DOC0000499,C000358,Surat Kerja,2025-08-02,0.861,0.911,5,11,497,VALID,0.45454545454545453,0.911,0.7843863636363637,Human Review,Low field completeness
DOC0000500,C000530,Surat Kerja,2025-03-26,0.728,0.771,6,7,142,VALID,0.8571428571428571,0.771,0.7817857142857143,Human Review,Low OCR confidence
DOC0000501,C000649,Form Aplikasi,2026-03-14,0.697,1.0,4,8,3966,VALID,0.5,0.99,0.79575,Human Review,Low field completeness
DOC0000502,C000156,NPWP,2024-12-02,0.876,0.874,7,10,3335,INVALID,0.7,0.937,0.8530500000000001,Human Review,Low field completeness
DOC0000506,C000344,Rekening Koran,2026-02-17,0.842,0.916,4,7,2572,VALID,0.5714285714285714,0.916,0.8113571428571429,Human Review,Low field completeness
DOC0000508,C000615,KTP,2025-07-18,0.936,0.933,4,7,795,INVALID,0.5714285714285714,1.0,0.8668071428571429,Human Review,Low field completeness
DOC0000510,C000381,Slip Gaji,2025-02-27,0.769,0.773,8,10,2115,VALID,0.8,0.773,0.77875,Human Review,Low OCR confidence
DOC0000512,C000478,NPWP,2025-05-30,0.836,0.808,5,6,1473,VALID,0.8333333333333334,0.808,0.8213333333333334,Human Review,Low OCR confidence
DOC0000513,C000354,Slip Gaji,2024-10-04,0.852,1.0,7,10,791,VALID,0.7,0.943,0.8680499999999999,Human Review,Low field completeness
DOC0000514,C000306,KTP,2024-01-09,0.699,0.944,6,7,4750,VALID,0.8571428571428571,0.819,0.8172857142857142,Human Review,Poor image quality
DOC0000515,C000195,Slip Gaji,2025-07-17,0.634,0.94,10,7,883,VALID,1.0,0.9025,0.865375,Human Review,Poor image quality
DOC0000516,C000078,Form Aplikasi,2024-05-23,0.82,0.913,4,10,2139,VALID,0.4,0.913,0.7615,Human Review,Low field completeness
DOC0000518,C000650,KTP,2026-04-19,0.77,0.892,11,11,3130,VALID,1.0,0.9026666666666667,0.8922333333333333,Human Review,Borderline confidence
DOC0000519,C000027,KTP,2025-02-04,0.908,0.931,10,10,1236,VALID,1.0,0.756,0.8812500000000001,Human Review,Low OCR confidence
DOC0000520,C000371,NPWP,2025-11-23,0.772,0.905,10,6,2595,VALID,1.0,0.905,0.8955,Human Review,Borderline confidence
DOC0000522,C000462,Slip Gaji,2024-03-06,0.744,1.0,5,7,2835,VALID,0.7142857142857143,0.832,0.8057714285714286,Human Review,Low field completeness
DOC0000523,C000523,KTP,2026-04-08,0.822,0.896,5,9,3539,VALID,0.5555555555555556,0.829,0.7689388888888887,Human Review,Low field completeness
DOC0000526,C000613,Rekening Koran,2024-04-21,0.714,0.967,4,6,2999,NEEDS_REVIEW,0.6666666666666666,0.967,0.8286666666666667,Human Review,Low field completeness
DOC0000527,C000093,KTP,2026-08-04,0.898,0.955,5,10,4952,VALID,0.5,0.9285,0.8177249999999999,Human Review,Low field completeness
DOC0000528,C000192,KTP,2025-09-21,0.908,0.82,11,9,793,VALID,1.0,0.813,0.88455,Human Review,Low OCR confidence
DOC0000531,C000045,Form Aplikasi,2026-09-17,0.784,0.936,10,7,116,VALID,1.0,0.849,0.88355,Human Review,Low OCR confidence
DOC0000532,C000167,KTP,2025-10-07,1.0,0.782,9,7,1837,INVALID,1.0,0.782,0.891,Human Review,Low OCR confidence
DOC0000533,C000289,Rekening Koran,2024-08-28,0.702,0.731,7,6,1271,VALID,1.0,0.731,0.7909999999999999,Human Review,Low OCR confidence
DOC0000534,C000428,KTP,2024-09-10,0.899,0.885,8,9,1312,VALID,0.8888888888888888,0.885,0.8894722222222222,Human Review,Borderline confidence
DOC0000535,C000674,Surat Kerja,2024-03-28,0.688,0.85,7,11,3684,NEEDS_REVIEW,0.6363636363636364,0.85,0.7560909090909091,Human Review,Low field completeness
DOC0000538,C000575,Surat Kerja,2025-06-07,0.855,0.852,6,9,1268,VALID,0.6666666666666666,0.852,0.8064166666666666,Human Review,Low field completeness
DOC0000539,C000235,Surat Kerja,2025-01-01,0.769,0.989,7,8,3301,INVALID,0.875,0.8765000000000001,0.866125,Human Review,Borderline confidence
DOC0000543,C000454,KTP,2024-10-20,0.785,0.82,9,6,1603,VALID,1.0,0.82,0.85625,Human Review,Low OCR confidence
DOC0000548,C000223,NPWP,2024-09-24,0.675,0.839,9,11,2778,NEEDS_REVIEW,0.8181818181818182,0.839,0.7927954545454545,Human Review,Poor image quality
DOC0000549,C000558,Slip Gaji,2026-03-16,0.713,0.873,7,9,4008,NEEDS_REVIEW,0.7777777777777778,0.889,0.8147944444444444,Human Review,Low field completeness
DOC0000551,C000352,Surat Kerja,2026-03-06,0.842,0.897,4,6,1964,VALID,0.6666666666666666,1.0,0.8617166666666667,Human Review,Low field completeness
DOC0000552,C000298,KTP,2024-09-12,0.795,0.956,11,7,2496,VALID,1.0,0.868,0.8959499999999999,Human Review,Borderline confidence
DOC0000553,C000376,Rekening Koran,2024-02-06,0.931,0.902,4,10,2298,VALID,0.4,1.0,0.8180499999999999,Human Review,Low field completeness
DOC0000554,C000465,Slip Gaji,2025-06-07,0.761,0.904,4,7,3588,VALID,0.5714285714285714,0.843,0.7637571428571428,Human Review,Low field completeness
DOC0000556,C000090,NPWP,2025-07-09,0.963,0.916,5,10,3878,VALID,0.5,0.916,0.82375,Human Review,Low field completeness
DOC0000557,C000090,Rekening Koran,2026-07-03,0.807,0.97,5,7,422,VALID,0.7142857142857143,0.818,0.8121214285714285,Human Review,Low field completeness
DOC0000559,C000083,KTP,2026-04-27,1.0,0.882,4,6,3102,VALID,0.6666666666666666,0.882,0.8576666666666666,Human Review,Low field completeness
DOC0000561,C000250,KTP,2024-12-04,0.775,0.851,4,7,4881,VALID,0.5714285714285714,0.905,0.7810071428571428,Human Review,Low field completeness
DOC0000562,C000328,KTP,2024-06-30,0.981,0.886,8,11,3588,VALID,0.7272727272727273,0.867,0.8634181818181819,Human Review,Low field completeness
DOC0000566,C000192,KTP,2024-12-06,0.793,0.939,9,6,4226,VALID,1.0,0.873,0.89465,Human Review,Borderline confidence
DOC0000567,C000022,Form Aplikasi,2025-03-10,0.924,0.802,6,9,4099,VALID,0.6666666666666666,0.946,0.8490666666666665,Human Review,Low field completeness
DOC0000568,C000494,Rekening Koran,2025-05-26,0.987,0.959,8,11,2400,INVALID,0.7272727272727273,0.822,0.8601181818181818,Human Review,Low field completeness
DOC0000569,C000335,Form Aplikasi,2026-07-28,0.799,0.943,10,11,1502,VALID,0.9090909090909091,0.8574999999999999,0.8685977272727272,Human Review,Borderline confidence
DOC0000572,C000413,Rekening Koran,2024-10-26,0.663,0.747,9,10,2401,VALID,0.9,0.7565,0.767575,Human Review,Poor image quality
DOC0000573,C000131,Slip Gaji,2026-09-24,0.829,0.911,5,8,3879,VALID,0.625,0.831,0.7909999999999999,Human Review,Low field completeness
DOC0000574,C000658,Rekening Koran,2024-10-07,0.926,0.899,4,8,3128,NEEDS_REVIEW,0.5,0.899,0.806,Human Review,Low field completeness
DOC0000575,C000569,Form Aplikasi,2026-02-26,0.814,1.0,4,9,3425,VALID,0.4444444444444444,0.99,0.811111111111111,Human Review,Low field completeness
DOC0000578,C000408,KTP,2026-03-22,0.758,0.826,11,10,2314,VALID,1.0,0.941,0.89275,Human Review,Borderline confidence
DOC0000579,C000614,Surat Kerja,2025-08-09,0.785,1.0,4,8,4471,VALID,0.5,1.0,0.82125,Human Review,Low field completeness
DOC0000581,C000461,Surat Kerja,2025-03-15,0.752,0.979,5,10,2205,VALID,0.5,0.979,0.8025,Human Review,Low field completeness
DOC0000582,C000615,Rekening Koran,2024-04-28,0.707,0.823,7,10,3673,NEEDS_REVIEW,0.7,0.823,0.7632499999999999,Human Review,Low field completeness
DOC0000583,C000137,KTP,2024-08-05,0.831,0.88,7,6,4222,NEEDS_REVIEW,1.0,0.88,0.8977499999999999,Human Review,Borderline confidence
DOC0000584,C000352,KTP,2024-10-30,1.0,0.853,4,10,1379,VALID,0.4,0.928,0.80275,Human Review,Low field completeness
DOC0000585,C000363,Slip Gaji,2024-11-29,0.756,1.0,5,11,3909,INVALID,0.45454545454545453,0.8714999999999999,0.7576613636363636,Human Review,Low field completeness
DOC0000586,C000545,KTP,2026-01-16,0.807,0.998,8,11,2417,NEEDS_REVIEW,0.7272727272727273,0.82,0.8202681818181818,Human Review,Low field completeness
DOC0000587,C000263,KTP,2024-08-14,1.0,0.937,5,9,1344,VALID,0.5555555555555556,0.937,0.8573888888888888,Human Review,Low field completeness
DOC0000589,C000429,NPWP,2024-05-22,0.872,0.79,5,7,226,VALID,0.7142857142857143,0.79,0.7915714285714286,Human Review,Low field completeness
DOC0000590,C000563,Surat Kerja,2026-06-20,0.647,1.0,10,10,1968,VALID,1.0,0.882,0.8704500000000001,Human Review,Poor image quality
DOC0000591,C000166,Slip Gaji,2025-11-06,0.878,0.872,11,9,619,VALID,1.0,0.841,0.89465,Human Review,Low OCR confidence
DOC0000592,C000479,Rekening Koran,2025-01-16,0.793,0.939,8,11,3054,VALID,0.7272727272727273,0.939,0.8495681818181817,Human Review,Low field completeness
DOC0000595,C000461,Slip Gaji,2024-03-17,0.914,0.896,4,11,2518,VALID,0.36363636363636365,0.896,0.7674090909090909,Human Review,Low field completeness
DOC0000596,C000259,Slip Gaji,2025-06-20,0.965,0.734,11,9,4354,VALID,1.0,0.734,0.85825,Human Review,Low OCR confidence
DOC0000597,C000553,Form Aplikasi,2026-02-04,0.898,0.948,6,10,2705,VALID,0.6,0.916,0.8373,Human Review,Low field completeness
DOC0000602,C000380,Surat Kerja,2025-02-17,1.0,1.0,4,10,4836,VALID,0.4,0.9219999999999999,0.8227,Human Review,Low field completeness
DOC0000603,C000477,Rekening Koran,2026-05-07,0.88,0.799,7,9,2555,VALID,0.7777777777777778,0.799,0.8139444444444445,Human Review,Low field completeness
DOC0000610,C000053,Surat Kerja,2025-06-26,0.798,0.971,10,6,2568,NEEDS_REVIEW,1.0,0.7876666666666666,0.8708333333333333,Human Review,Low OCR confidence
DOC0000611,C000051,Form Aplikasi,2025-10-05,0.783,1.0,4,7,2065,NEEDS_REVIEW,0.5714285714285714,1.0,0.8386071428571428,Human Review,Low field completeness
DOC0000612,C000148,Rekening Koran,2025-03-30,0.772,0.832,8,8,4621,NEEDS_REVIEW,1.0,0.832,0.859,Human Review,Low OCR confidence
DOC0000614,C000681,Slip Gaji,2025-07-05,0.739,0.837,6,9,749,VALID,0.6666666666666666,0.891,0.7888166666666665,Human Review,Low field completeness
DOC0000617,C000373,NPWP,2024-09-28,0.776,1.0,5,7,4899,VALID,0.7142857142857143,0.792,0.7997714285714286,Human Review,Low field completeness
DOC0000620,C000292,Form Aplikasi,2024-10-15,0.762,0.99,9,10,4588,VALID,0.9,0.923,0.8870499999999999,Human Review,Borderline confidence
DOC0000621,C000115,Rekening Koran,2024-03-24,0.915,0.973,7,11,3490,VALID,0.6363636363636364,0.973,0.874340909090909,Human Review,Low field completeness
DOC0000622,C000192,Slip Gaji,2025-11-09,0.898,0.892,5,6,627,VALID,0.8333333333333334,0.892,0.8788333333333334,Human Review,Borderline confidence
DOC0000623,C000492,Form Aplikasi,2024-03-18,0.752,0.946,6,10,3889,VALID,0.6,0.873,0.78545,Human Review,Low field completeness
DOC0000624,C000697,Slip Gaji,2024-01-06,0.913,0.994,7,10,1283,VALID,0.7,0.883,0.8613999999999999,Human Review,Low field completeness
DOC0000625,C000556,Slip Gaji,2026-05-04,0.956,0.922,5,9,4452,NEEDS_REVIEW,0.5555555555555556,0.975,0.8574388888888888,Human Review,Low field completeness
DOC0000628,C000136,NPWP,2024-07-05,0.865,0.906,8,10,1395,VALID,0.8,0.856,0.8517499999999999,Human Review,Borderline confidence
DOC0000630,C000222,Slip Gaji,2026-01-25,0.523,0.83,9,7,323,VALID,1.0,0.727,0.7596999999999999,Human Review,Poor image quality
DOC0000632,C000026,NPWP,2024-09-05,0.672,0.838,8,6,1871,VALID,1.0,0.993,0.8912499999999999,Human Review,Poor image quality
DOC0000634,C000603,Form Aplikasi,2025-05-18,0.853,0.849,8,9,498,VALID,0.8888888888888888,0.931,0.8886722222222221,Human Review,Borderline confidence
DOC0000638,C000479,KTP,2024-08-21,0.893,1.0,5,11,1002,VALID,0.45454545454545453,1.0,0.8368863636363637,Human Review,Low field completeness
DOC0000640,C000677,Rekening Koran,2025-12-30,0.789,0.999,5,9,1092,VALID,0.5555555555555556,0.842,0.780688888888889,Human Review,Low field completeness
DOC0000641,C000476,Form Aplikasi,2025-12-22,0.946,0.902,8,11,2739,VALID,0.7272727272727273,0.884,0.8630181818181819,Human Review,Low field completeness
DOC0000642,C000251,Slip Gaji,2025-12-15,0.947,0.956,6,8,4204,VALID,0.75,0.863,0.8696999999999999,Human Review,Low field completeness
DOC0000645,C000298,Rekening Koran,2024-04-28,0.821,0.825,9,8,752,VALID,1.0,0.911,0.89785,Human Review,Borderline confidence
DOC0000646,C000025,Surat Kerja,2024-07-20,0.813,0.91,5,11,2636,VALID,0.45454545454545453,0.91,0.7718863636363635,Human Review,Low field completeness
DOC0000647,C000324,KTP,2024-10-11,0.847,0.902,6,11,3893,VALID,0.5454545454545454,0.955,0.8176636363636364,Human Review,Low field completeness
DOC0000648,C000637,Slip Gaji,2024-04-25,0.65,0.979,6,8,2686,VALID,0.75,0.893,0.8093999999999999,Human Review,Low field completeness
DOC0000650,C000419,NPWP,2024-05-29,1.0,0.939,5,11,4163,VALID,0.45454545454545453,0.919,0.8261363636363637,Human Review,Low field completeness
DOC0000653,C000126,Surat Kerja,2024-09-06,0.702,0.911,9,8,1146,VALID,1.0,0.958,0.8974499999999999,Human Review,Borderline confidence
DOC0000654,C000154,Slip Gaji,2025-04-10,0.997,0.84,6,10,666,NEEDS_REVIEW,0.6,0.84,0.81925,Human Review,Low field completeness
DOC0000656,C000459,Surat Kerja,2025-04-29,0.792,0.905,9,10,1404,VALID,0.9,0.964,0.89615,Human Review,Borderline confidence
DOC0000657,C000176,KTP,2025-06-11,0.577,1.0,5,8,4303,VALID,0.625,1.0,0.8005,Human Review,Low field completeness
DOC0000658,C000172,Form Aplikasi,2025-08-18,0.79,0.971,7,10,4017,VALID,0.7,0.926,0.8422500000000002,Human Review,Low field completeness
DOC0000660,C000364,Slip Gaji,2024-08-30,1.0,0.942,4,8,2888,VALID,0.5,0.954,0.8502,Human Review,Low field completeness
DOC0000662,C000439,Slip Gaji,2024-02-29,1.0,0.769,7,9,1104,INVALID,0.7777777777777778,0.769,0.8289444444444444,Human Review,Low field completeness
DOC0000663,C000212,Form Aplikasi,2026-07-03,0.668,0.958,5,7,1062,VALID,0.7142857142857143,0.939,0.8179214285714285,Human Review,Low field completeness
DOC0000665,C000492,NPWP,2026-09-23,0.735,0.874,6,9,3106,VALID,0.6666666666666666,0.8725,0.7868916666666667,Human Review,Low field completeness
DOC0000666,C000364,Surat Kerja,2025-10-24,0.785,0.888,9,10,3461,VALID,0.9,0.888,0.86525,Human Review,Borderline confidence
DOC0000668,C000599,Rekening Koran,2025-05-21,1.0,0.935,6,11,2712,VALID,0.5454545454545454,0.8895,0.8379386363636363,Human Review,Low field completeness
DOC0000670,C000595,KTP,2026-05-01,0.903,0.823,6,11,3854,NEEDS_REVIEW,0.5454545454545454,0.94,0.8145636363636363,Human Review,Low field completeness
DOC0000674,C000507,Slip Gaji,2024-06-10,0.828,0.849,11,9,284,VALID,1.0,0.849,0.8815,Human Review,Low OCR confidence
DOC0000676,C000279,KTP,2025-05-02,0.605,0.959,7,9,2216,VALID,0.7777777777777778,0.9059999999999999,0.8066444444444443,Human Review,Low field completeness
DOC0000680,C000578,KTP,2024-12-14,0.907,0.932,5,8,3091,VALID,0.625,0.9245000000000001,0.846375,Human Review,Low field completeness
DOC0000683,C000546,Form Aplikasi,2026-07-05,0.896,0.972,6,8,1851,VALID,0.75,0.972,0.8975,Human Review,Low field completeness
DOC0000685,C000521,Slip Gaji,2026-07-18,0.735,0.876,8,11,3867,VALID,0.7272727272727273,0.876,0.8035681818181817,Human Review,Low field completeness
DOC0000691,C000016,Form Aplikasi,2026-01-13,0.606,0.981,4,6,3400,NEEDS_REVIEW,0.6666666666666666,0.95,0.7978166666666666,Human Review,Low field completeness
DOC0000694,C000051,Rekening Koran,2024-11-15,0.688,1.0,7,9,2287,VALID,0.7777777777777778,0.858,0.8167444444444444,Human Review,Low field completeness
DOC0000696,C000072,Rekening Koran,2024-04-01,0.844,0.913,5,11,4017,NEEDS_REVIEW,0.45454545454545453,0.913,0.7811363636363636,Human Review,Low field completeness
DOC0000697,C000144,Rekening Koran,2025-02-09,0.832,0.911,7,6,3544,VALID,1.0,0.826,0.88375,Human Review,Low OCR confidence
DOC0000698,C000306,KTP,2026-09-13,0.775,0.962,7,11,3293,VALID,0.6363636363636364,0.964,0.834540909090909,Human Review,Low field completeness
DOC0000700,C000311,Form Aplikasi,2026-01-21,0.696,0.867,8,7,4951,VALID,1.0,0.867,0.8574999999999999,Human Review,Poor image quality
DOC0000703,C000642,Surat Kerja,2025-07-31,0.755,0.858,6,7,4849,VALID,0.8571428571428571,0.979,0.8743857142857143,Human Review,Borderline confidence
DOC0000704,C000690,KTP,2026-05-06,1.0,0.924,6,9,3073,VALID,0.6666666666666666,0.864,0.8576666666666666,Human Review,Low field completeness
DOC0000705,C000443,Form Aplikasi,2025-03-24,0.947,0.903,6,11,3251,VALID,0.5454545454545454,0.832,0.7997636363636362,Human Review,Low field completeness
DOC0000707,C000027,Slip Gaji,2026-09-25,0.731,0.928,11,7,4866,VALID,1.0,0.928,0.8967499999999999,Human Review,Borderline confidence
DOC0000708,C000243,Slip Gaji,2024-02-05,0.873,0.951,7,10,1694,VALID,0.7,1.0,0.8858999999999999,Human Review,Low field completeness
DOC0000709,C000556,Form Aplikasi,2025-09-26,0.788,0.892,11,9,1324,VALID,1.0,0.892,0.893,Human Review,Borderline confidence
DOC0000710,C000644,Slip Gaji,2025-03-23,0.832,0.792,5,8,1840,VALID,0.625,0.901,0.7984,Human Review,Low field completeness
DOC0000711,C000232,NPWP,2025-11-26,0.808,0.953,9,6,3102,VALID,1.0,0.871,0.8998,Human Review,Borderline confidence
DOC0000712,C000608,Slip Gaji,2024-05-07,0.971,0.752,9,10,1082,NEEDS_REVIEW,0.9,0.752,0.84375,Human Review,Low OCR confidence
DOC0000713,C000290,NPWP,2026-01-23,0.904,0.885,9,9,1692,VALID,1.0,0.766,0.87685,Human Review,Low OCR confidence
DOC0000714,C000292,Surat Kerja,2026-03-06,0.831,0.839,11,8,4431,NEEDS_REVIEW,1.0,0.866,0.8867,Human Review,Borderline confidence
DOC0000715,C000166,Surat Kerja,2025-03-03,0.959,0.994,7,11,4130,VALID,0.6363636363636364,0.813,0.8324909090909091,Human Review,Low field completeness
DOC0000717,C000565,Surat Kerja,2025-11-27,0.711,0.791,9,6,1054,VALID,1.0,0.791,0.82325,Human Review,Low OCR confidence
DOC0000720,C000269,Rekening Koran,2026-01-25,1.0,0.788,5,9,4105,VALID,0.5555555555555556,0.943,0.8371388888888888,Human Review,Low field completeness
DOC0000722,C000671,Slip Gaji,2024-01-29,0.872,1.0,4,11,4667,VALID,0.36363636363636365,1.0,0.8089090909090909,Human Review,Low field completeness
DOC0000723,C000646,Surat Kerja,2026-08-08,0.979,1.0,4,8,4070,VALID,0.5,1.0,0.86975,Human Review,Low field completeness
DOC0000724,C000460,Surat Kerja,2024-02-16,0.946,0.831,11,10,845,VALID,1.0,0.782,0.8848499999999999,Human Review,Low OCR confidence
DOC0000725,C000264,Surat Kerja,2026-03-22,1.0,0.755,5,10,2062,VALID,0.5,0.978,0.83055,Human Review,Low field completeness
DOC0000726,C000247,Rekening Koran,2026-06-13,0.863,1.0,5,11,4663,VALID,0.45454545454545453,1.0,0.8293863636363636,Human Review,Low field completeness
DOC0000730,C000316,Form Aplikasi,2026-07-22,0.836,0.91,6,6,4428,NEEDS_REVIEW,1.0,0.839,0.8891499999999999,Human Review,Low OCR confidence
DOC0000732,C000166,Form Aplikasi,2024-08-15,0.861,1.0,4,9,1334,VALID,0.4444444444444444,1.0,0.8263611111111112,Human Review,Low field completeness
DOC0000733,C000445,KTP,2025-05-21,0.858,0.885,10,10,862,VALID,1.0,0.859,0.8979,Human Review,Borderline confidence
DOC0000739,C000094,Slip Gaji,2025-03-30,0.715,0.985,5,9,1480,VALID,0.5555555555555556,0.985,0.810138888888889,Human Review,Low field completeness
DOC0000740,C000615,Slip Gaji,2024-09-16,0.778,0.918,6,9,577,VALID,0.6666666666666666,0.918,0.8201666666666667,Human Review,Low field completeness
DOC0000741,C000647,Slip Gaji,2026-07-21,0.747,0.856,8,11,385,VALID,0.7272727272727273,0.856,0.7965681818181817,Human Review,Low field completeness
DOC0000742,C000104,Rekening Koran,2024-04-17,0.7,0.968,11,9,3409,INVALID,1.0,0.798,0.8494999999999999,Human Review,Low OCR confidence
DOC0000743,C000506,Surat Kerja,2026-01-22,0.879,0.894,9,10,2285,VALID,0.9,0.894,0.89175,Human Review,Borderline confidence
DOC0000744,C000665,Slip Gaji,2025-09-03,0.637,1.0,10,7,2956,VALID,1.0,0.9199999999999999,0.88125,Human Review,Poor image quality
DOC0000746,C000372,Form Aplikasi,2024-03-07,0.803,0.948,4,8,3021,VALID,0.5,0.948,0.79975,Human Review,Low field completeness
DOC0000747,C000206,KTP,2025-12-10,0.742,0.964,7,9,4367,VALID,0.7777777777777778,0.964,0.8619444444444443,Human Review,Low field completeness
DOC0000748,C000159,Surat Kerja,2024-10-04,1.0,0.854,6,9,3236,VALID,0.6666666666666666,0.814,0.8296666666666666,Human Review,Low field completeness
DOC0000750,C000507,Rekening Koran,2024-06-28,0.593,0.823,8,7,611,VALID,1.0,0.9056666666666667,0.8386833333333333,Human Review,Poor image quality
DOC0000752,C000539,KTP,2025-08-03,0.811,0.878,5,8,3689,VALID,0.625,0.849,0.7878499999999999,Human Review,Low field completeness
DOC0000753,C000413,Slip Gaji,2024-06-07,0.937,0.846,5,10,3753,VALID,0.5,0.846,0.78225,Human Review,Low field completeness
DOC0000754,C000366,Rekening Koran,2024-01-16,0.856,0.852,11,7,3026,VALID,1.0,0.852,0.89,Human Review,Borderline confidence
DOC0000755,C000624,Surat Kerja,2025-09-22,0.753,0.733,8,7,2618,NEEDS_REVIEW,1.0,0.9,0.8632,Human Review,Borderline confidence
DOC0000756,C000406,Rekening Koran,2024-06-13,0.852,1.0,8,8,4327,VALID,1.0,0.781,0.88635,Human Review,Low OCR confidence
DOC0000758,C000060,Rekening Koran,2024-04-15,0.699,1.0,8,11,3361,VALID,0.7272727272727273,1.0,0.8565681818181817,Human Review,Low field completeness
DOC0000760,C000313,KTP,2026-04-19,0.995,0.903,6,11,4821,VALID,0.5454545454545454,0.844,0.8159636363636363,Human Review,Low field completeness
DOC0000761,C000480,KTP,2026-09-01,0.919,1.0,4,10,3835,VALID,0.4,0.97,0.81925,Human Review,Low field completeness
DOC0000762,C000216,Form Aplikasi,2024-03-09,0.741,0.915,11,7,2110,VALID,1.0,0.931,0.89835,Human Review,Borderline confidence
DOC0000763,C000634,Slip Gaji,2026-01-20,0.837,0.853,5,8,4765,VALID,0.625,0.853,0.792,Human Review,Low field completeness
DOC0000764,C000674,Form Aplikasi,2025-10-30,0.849,0.809,10,10,1590,VALID,1.0,0.809,0.86675,Human Review,Low OCR confidence
DOC0000765,C000627,KTP,2024-02-19,0.777,0.855,11,7,261,VALID,1.0,0.884,0.8819,Human Review,Borderline confidence
DOC0000768,C000583,Surat Kerja,2026-01-16,0.859,0.722,6,7,1874,VALID,0.8571428571428571,0.722,0.7900357142857142,Human Review,Low OCR confidence
DOC0000771,C000574,KTP,2025-10-22,0.626,0.883,8,9,4543,VALID,0.8888888888888888,0.883,0.8202222222222222,Human Review,Poor image quality
DOC0000773,C000509,Surat Kerja,2026-02-17,0.906,0.912,4,9,3420,VALID,0.4444444444444444,0.912,0.793611111111111,Human Review,Low field completeness
DOC0000774,C000344,Surat Kerja,2025-06-07,0.962,0.867,6,8,2563,INVALID,0.75,0.841,0.8523999999999999,Human Review,Low field completeness
DOC0000777,C000068,Rekening Koran,2026-07-28,0.997,0.958,6,9,1412,VALID,0.6666666666666666,0.958,0.8949166666666666,Human Review,Low field completeness
DOC0000779,C000696,KTP,2026-04-21,0.859,0.873,8,9,2607,VALID,0.8888888888888888,0.873,0.8734722222222222,Human Review,Borderline confidence
DOC0000781,C000233,Surat Kerja,2025-07-11,0.864,1.0,6,9,667,VALID,0.6666666666666666,1.0,0.8826666666666666,Human Review,Low field completeness
DOC0000786,C000097,Rekening Koran,2025-08-03,0.847,0.922,6,10,737,NEEDS_REVIEW,0.6,0.977,0.842,Human Review,Low field completeness
DOC0000788,C000544,Slip Gaji,2026-04-01,0.798,0.906,6,7,2842,VALID,0.8571428571428571,0.897,0.8636357142857143,Human Review,Borderline confidence
DOC0000789,C000350,Surat Kerja,2026-03-30,0.863,0.875,9,7,4282,VALID,1.0,0.736,0.8545999999999999,Human Review,Low OCR confidence
DOC0000790,C000217,Slip Gaji,2025-09-27,0.885,0.848,9,11,4193,VALID,0.8181818181818182,0.883,0.8620454545454546,Human Review,Borderline confidence
DOC0000791,C000439,KTP,2025-08-17,0.815,0.833,5,6,2727,VALID,0.8333333333333334,1.0,0.8870333333333333,Human Review,Borderline confidence
DOC0000792,C000467,NPWP,2026-04-12,0.929,0.981,4,9,2196,VALID,0.4444444444444444,0.981,0.833861111111111,Human Review,Low field completeness
DOC0000794,C000111,Surat Kerja,2024-11-06,1.0,0.879,6,9,3063,VALID,0.6666666666666666,0.879,0.8561666666666666,Human Review,Low field completeness
DOC0000795,C000559,KTP,2025-11-11,0.839,0.752,5,10,3798,VALID,0.5,0.895,0.7607999999999999,Human Review,Low field completeness
DOC0000797,C000467,KTP,2025-10-08,0.856,0.991,4,8,3464,NEEDS_REVIEW,0.5,0.917,0.8086,Human Review,Low field completeness
DOC0000798,C000326,Rekening Koran,2026-06-26,0.857,1.0,4,11,1838,VALID,0.36363636363636365,0.905,0.7719090909090909,Human Review,Low field completeness
DOC0000800,C000459,Surat Kerja,2026-07-09,1.0,0.924,4,7,3160,VALID,0.5714285714285714,0.924,0.854857142857143,Human Review,Low field completeness
DOC0000801,C000503,KTP,2024-02-28,0.782,1.0,7,11,2622,VALID,0.6363636363636364,0.774,0.7754909090909091,Human Review,Low field completeness
DOC0000802,C000625,Form Aplikasi,2025-12-27,0.954,1.0,4,9,4625,VALID,0.4444444444444444,0.938,0.8279111111111112,Human Review,Low field completeness
DOC0000805,C000579,KTP,2025-01-27,0.831,0.914,5,9,349,VALID,0.5555555555555556,0.914,0.8036388888888888,Human Review,Low field completeness
DOC0000807,C000615,KTP,2025-02-07,0.831,1.0,6,8,3986,VALID,0.75,1.0,0.89525,Human Review,Low field completeness
DOC0000809,C000567,NPWP,2024-03-09,0.67,0.817,5,7,242,VALID,0.7142857142857143,0.873,0.7741714285714285,Human Review,Low field completeness
DOC0000811,C000510,KTP,2025-12-26,1.0,0.728,6,8,400,VALID,0.75,0.9025,0.8625749999999999,Human Review,Low field completeness
DOC0000812,C000016,KTP,2025-09-30,0.751,0.972,6,11,3638,NEEDS_REVIEW,0.5454545454545454,0.972,0.8101136363636363,Human Review,Low field completeness
DOC0000813,C000301,Form Aplikasi,2025-09-08,0.852,1.0,4,9,1962,VALID,0.4444444444444444,0.9644999999999999,0.811686111111111,Human Review,Low field completeness
DOC0000814,C000141,Rekening Koran,2026-08-10,0.881,0.894,8,11,2362,VALID,0.7272727272727273,0.90825,0.8540556818181818,Human Review,Low field completeness
DOC0000816,C000172,Rekening Koran,2024-11-07,0.563,0.955,9,7,1376,VALID,1.0,0.842,0.8286999999999999,Human Review,Poor image quality
DOC0000818,C000110,NPWP,2026-01-01,0.694,0.928,6,10,4598,VALID,0.6,0.95,0.7952,Human Review,Low field completeness
DOC0000819,C000536,Surat Kerja,2026-03-15,0.689,0.895,5,6,2777,VALID,0.8333333333333334,0.895,0.8280833333333333,Human Review,Poor image quality
DOC0000820,C000316,KTP,2026-07-09,0.756,0.832,6,7,2887,NEEDS_REVIEW,0.8571428571428571,0.832,0.8192857142857143,Human Review,Low OCR confidence
DOC0000821,C000594,NPWP,2025-10-14,0.842,0.959,7,8,2845,VALID,0.875,0.923,0.89615,Human Review,Borderline confidence
DOC0000822,C000275,Rekening Koran,2026-08-30,0.596,0.938,6,11,2199,VALID,0.5454545454545454,0.938,0.7543636363636363,Human Review,Low field completeness
DOC0000823,C000681,Surat Kerja,2025-06-11,0.925,0.845,4,10,719,VALID,0.4,0.8600000000000001,0.759,Human Review,Low field completeness
DOC0000824,C000184,NPWP,2025-06-20,0.953,0.905,7,10,297,VALID,0.7,0.905,0.86575,Human Review,Low field completeness
DOC0000825,C000331,KTP,2026-02-27,0.716,1.0,7,8,1604,VALID,0.875,0.889,0.8589,Human Review,Borderline confidence
DOC0000826,C000391,KTP,2026-07-13,0.734,0.891,4,6,4242,VALID,0.6666666666666666,0.891,0.7956666666666665,Human Review,Low field completeness
DOC0000828,C000487,Rekening Koran,2024-02-16,0.73,0.803,5,9,2587,VALID,0.5555555555555556,0.923,0.7648888888888887,Human Review,Low field completeness
DOC0000830,C000573,Slip Gaji,2024-03-26,0.695,0.972,10,8,2864,VALID,1.0,0.888,0.88035,Human Review,Poor image quality
DOC0000831,C000016,KTP,2024-06-26,0.798,0.947,6,11,3186,VALID,0.5454545454545454,0.947,0.8093636363636364,Human Review,Low field completeness
DOC0000832,C000674,Slip Gaji,2024-11-09,0.821,0.853,6,7,4570,NEEDS_REVIEW,0.8571428571428571,0.9455,0.8784107142857143,Human Review,Borderline confidence
DOC0000834,C000038,Rekening Koran,2025-04-14,1.0,0.805,4,7,218,VALID,0.5714285714285714,0.805,0.7953571428571428,Human Review,Low field completeness
DOC0000837,C000546,Form Aplikasi,2025-05-19,0.61,0.899,11,11,4293,NEEDS_REVIEW,1.0,0.899,0.852,Human Review,Poor image quality
DOC0000838,C000635,KTP,2026-02-03,0.974,0.874,6,8,4828,VALID,0.75,0.705,0.80885,Human Review,Low field completeness
DOC0000840,C000594,Surat Kerja,2026-06-05,0.817,0.827,5,6,3483,VALID,0.8333333333333334,0.827,0.8260833333333333,Human Review,Low OCR confidence
DOC0000841,C000047,Surat Kerja,2025-06-15,0.926,0.964,5,8,3704,VALID,0.625,0.942,0.8620499999999999,Human Review,Low field completeness
DOC0000844,C000236,Surat Kerja,2024-11-29,0.686,0.928,7,8,1477,VALID,0.875,1.0,0.87945,Human Review,Poor image quality
DOC0000845,C000676,Surat Kerja,2026-08-12,0.833,0.874,7,8,3925,VALID,0.875,0.874,0.864,Human Review,Borderline confidence
DOC0000847,C000302,Form Aplikasi,2024-05-09,1.0,0.848,7,9,680,NEEDS_REVIEW,0.7777777777777778,0.848,0.8684444444444444,Human Review,Low field completeness
DOC0000848,C000491,KTP,2025-10-04,1.0,0.99,5,8,1536,NEEDS_REVIEW,0.625,0.821,0.8421,Human Review,Low field completeness
DOC0000849,C000177,Rekening Koran,2024-10-18,0.777,1.0,7,10,3088,NEEDS_REVIEW,0.7,0.8280000000000001,0.8090499999999999,Human Review,Low field completeness
DOC0000850,C000122,Slip Gaji,2025-02-22,0.856,0.982,5,9,3160,VALID,0.5555555555555556,0.982,0.8438888888888889,Human Review,Low field completeness
DOC0000851,C000139,NPWP,2024-05-13,0.841,0.891,4,9,2734,VALID,0.4444444444444444,0.891,0.7668611111111112,Human Review,Low field completeness
DOC0000852,C000569,Slip Gaji,2024-04-27,0.856,0.871,9,9,4814,VALID,1.0,0.871,0.8995,Human Review,Borderline confidence
DOC0000853,C000319,Slip Gaji,2025-10-11,0.889,0.889,7,11,2640,VALID,0.6363636363636364,0.889,0.825840909090909,Human Review,Low field completeness
DOC0000854,C000374,Rekening Koran,2024-04-28,0.721,0.911,6,9,2676,VALID,0.6666666666666666,0.932,0.8097666666666665,Human Review,Low field completeness
DOC0000855,C000289,KTP,2026-02-21,0.866,0.818,5,8,4642,VALID,0.625,0.818,0.78175,Human Review,Low field completeness
DOC0000856,C000096,Rekening Koran,2025-10-05,0.617,0.953,7,6,2573,VALID,1.0,0.953,0.88075,Human Review,Poor image quality
DOC0000857,C000610,Rekening Koran,2026-05-04,0.601,0.955,10,10,4273,VALID,1.0,0.818,0.8298,Human Review,Poor image quality
DOC0000859,C000308,NPWP,2024-09-30,0.723,0.76,10,9,530,VALID,1.0,0.806,0.82685,Human Review,Low OCR confidence
DOC0000860,C000499,Surat Kerja,2025-02-11,0.774,0.891,10,8,1307,VALID,1.0,0.911,0.8959999999999999,Human Review,Borderline confidence
DOC0000863,C000555,Form Aplikasi,2026-01-04,0.83,0.918,7,6,1412,VALID,1.0,0.868,0.899,Human Review,Borderline confidence
DOC0000864,C000693,NPWP,2024-03-30,0.982,0.929,4,9,2254,VALID,0.4444444444444444,0.929,0.821111111111111,Human Review,Low field completeness
DOC0000865,C000129,NPWP,2025-01-09,0.906,0.801,8,11,4601,VALID,0.7272727272727273,0.9099999999999999,0.8469681818181818,Human Review,Low field completeness
DOC0000866,C000541,Form Aplikasi,2026-01-30,0.763,0.831,10,6,810,VALID,1.0,0.948,0.8972,Human Review,Borderline confidence
DOC0000872,C000196,Slip Gaji,2024-05-18,0.679,0.867,7,8,4281,VALID,0.875,0.867,0.8220000000000001,Human Review,Poor image quality
DOC0000873,C000409,Slip Gaji,2026-05-25,0.83,1.0,8,11,3021,VALID,0.7272727272727273,0.922,0.8620181818181819,Human Review,Low field completeness
DOC0000874,C000307,Rekening Koran,2024-10-21,0.863,0.799,9,6,2699,VALID,1.0,0.799,0.8652500000000001,Human Review,Low OCR confidence
DOC0000875,C000188,Rekening Koran,2025-08-29,1.0,0.916,4,11,1812,VALID,0.36363636363636365,0.892,0.7905090909090909,Human Review,Low field completeness
DOC0000876,C000574,Surat Kerja,2025-07-18,0.843,1.0,4,6,4836,NEEDS_REVIEW,0.6666666666666666,1.0,0.8774166666666666,Human Review,Low field completeness
DOC0000879,C000190,Surat Kerja,2025-06-29,0.991,0.973,4,7,129,VALID,0.5714285714285714,0.968,0.875357142857143,Human Review,Low field completeness
DOC0000880,C000288,Rekening Koran,2024-09-13,1.0,1.0,6,8,971,VALID,0.75,0.833,0.87905,Human Review,Low field completeness
DOC0000883,C000454,Surat Kerja,2025-08-02,0.878,1.0,6,10,346,VALID,0.6,1.0,0.8695,Human Review,Low field completeness
DOC0000886,C000365,NPWP,2025-02-23,0.768,0.991,6,10,4426,VALID,0.6,0.8280000000000001,0.7804500000000001,Human Review,Low field completeness
DOC0000887,C000577,Slip Gaji,2026-04-29,0.964,0.946,4,7,4442,VALID,0.5714285714285714,0.864,0.8281571428571429,Human Review,Low field completeness
DOC0000888,C000591,Slip Gaji,2024-02-13,0.88,0.988,5,8,2223,NEEDS_REVIEW,0.625,0.844,0.81985,Human Review,Low field completeness
DOC0000889,C000454,Rekening Koran,2024-02-06,0.91,0.899,4,10,2751,VALID,0.4,0.967,0.8008,Human Review,Low field completeness
DOC0000890,C000156,Form Aplikasi,2025-08-11,0.886,0.995,7,10,369,NEEDS_REVIEW,0.7,0.851,0.8436,Human Review,Low field completeness
DOC0000892,C000390,NPWP,2026-06-09,0.686,1.0,7,8,900,VALID,0.875,1.0,0.89025,Human Review,Poor image quality
DOC0000893,C000409,KTP,2025-08-28,0.942,0.994,4,9,268,INVALID,0.4444444444444444,0.931,0.8215611111111112,Human Review,Low field completeness
DOC0000894,C000439,Surat Kerja,2026-04-20,0.745,0.91,7,6,1944,VALID,1.0,0.91,0.8912500000000001,Human Review,Borderline confidence
DOC0000895,C000050,Rekening Koran,2024-05-09,0.832,0.874,5,10,436,INVALID,0.5,0.874,0.77,Human Review,Low field completeness
DOC0000898,C000251,NPWP,2024-04-08,0.919,0.754,5,6,2228,VALID,0.8333333333333334,0.943,0.8812333333333333,Human Review,Borderline confidence
DOC0000900,C000677,NPWP,2024-02-13,0.787,0.868,10,9,198,VALID,1.0,0.76,0.84295,Human Review,Low OCR confidence
DOC0000901,C000582,Surat Kerja,2026-06-12,0.823,0.961,7,11,4887,VALID,0.6363636363636364,0.961,0.8453409090909091,Human Review,Low field completeness
DOC0000902,C000370,Slip Gaji,2025-01-20,0.785,0.71,6,8,414,VALID,0.75,1.0,0.84025,Human Review,Low field completeness
DOC0000903,C000269,KTP,2025-10-02,0.87,0.907,9,10,3810,INVALID,0.9,0.915,0.8987999999999999,Human Review,Borderline confidence
DOC0000904,C000245,Slip Gaji,2025-01-09,0.907,0.853,5,9,2578,VALID,0.5555555555555556,0.932,0.8197888888888889,Human Review,Low field completeness
DOC0000905,C000541,Rekening Koran,2024-10-22,0.901,0.881,7,11,1947,NEEDS_REVIEW,0.6363636363636364,0.881,0.824840909090909,Human Review,Low field completeness
DOC0000907,C000200,KTP,2025-08-08,0.862,0.847,5,6,687,NEEDS_REVIEW,0.8333333333333334,0.9804999999999999,0.8940583333333333,Human Review,Borderline confidence
DOC0000908,C000258,Form Aplikasi,2025-10-20,0.729,0.944,6,9,3698,NEEDS_REVIEW,0.6666666666666666,0.9535,0.8242416666666665,Human Review,Low field completeness
DOC0000909,C000011,NPWP,2024-05-01,1.0,1.0,6,10,4870,VALID,0.6,0.9415,0.879525,Human Review,Low field completeness
DOC0000910,C000640,KTP,2024-06-11,0.846,0.837,9,10,2587,VALID,0.9,0.876,0.8686499999999999,Human Review,Borderline confidence
DOC0000911,C000693,Slip Gaji,2025-08-04,0.783,0.899,5,8,4771,NEEDS_REVIEW,0.625,0.899,0.8015,Human Review,Low field completeness
DOC0000912,C000584,Surat Kerja,2025-01-05,0.812,0.889,10,7,964,VALID,1.0,0.772,0.85655,Human Review,Low OCR confidence
DOC0000913,C000230,KTP,2024-03-28,0.83,0.945,6,8,2679,VALID,0.75,0.8245,0.8253249999999999,Human Review,Low field completeness
DOC0000914,C000199,KTP,2025-06-01,0.821,0.986,7,9,1651,VALID,0.7777777777777778,0.907,0.8650444444444444,Human Review,Low field completeness
DOC0000915,C000307,Slip Gaji,2025-12-25,0.86,0.871,9,11,614,VALID,0.8181818181818182,0.973,0.8907454545454545,Human Review,Borderline confidence
DOC0000916,C000614,Slip Gaji,2025-10-14,0.766,0.831,11,8,3542,VALID,1.0,0.871,0.871,Human Review,Borderline confidence
DOC0000917,C000185,NPWP,2026-01-27,1.0,1.0,0,7,1174,VALID,0.0,1.0,0.75,Human Review,Low field completeness
DOC0000918,C000108,Form Aplikasi,2025-02-13,0.834,1.0,6,10,2673,VALID,0.6,1.0,0.8585,Human Review,Low field completeness
DOC0000920,C000259,NPWP,2026-03-22,0.767,1.0,11,11,1798,VALID,1.0,0.853,0.8903,Human Review,Borderline confidence
DOC0000921,C000064,NPWP,2024-10-07,0.858,0.88,7,9,2787,VALID,0.7777777777777778,0.958,0.8762444444444444,Human Review,Low field completeness
DOC0000922,C000234,Slip Gaji,2025-12-01,0.919,0.874,5,8,3637,VALID,0.625,0.874,0.823,Human Review,Low field completeness
DOC0000926,C000502,Slip Gaji,2024-10-18,0.727,0.769,6,8,944,VALID,0.75,0.858,0.7848999999999999,Human Review,Low field completeness
DOC0000930,C000135,KTP,2025-08-20,0.865,0.867,4,7,3834,VALID,0.5714285714285714,0.8686666666666666,0.793190476190476,Human Review,Low field completeness
DOC0000937,C000183,Form Aplikasi,2026-06-06,0.918,0.863,7,7,566,NEEDS_REVIEW,1.0,0.814,0.8938499999999999,Human Review,Low OCR confidence
DOC0000939,C000691,KTP,2025-03-05,0.875,0.774,11,9,1589,VALID,1.0,0.819,0.8714999999999999,Human Review,Low OCR confidence
DOC0000940,C000285,KTP,2024-05-05,0.845,0.828,10,11,3620,NEEDS_REVIEW,0.9090909090909091,0.828,0.8525227272727273,Human Review,Low OCR confidence
DOC0000941,C000246,Surat Kerja,2025-03-03,0.849,0.842,7,9,1307,VALID,0.7777777777777778,0.9,0.8479944444444444,Human Review,Low field completeness
DOC0000942,C000557,Slip Gaji,2026-01-29,0.732,1.0,10,7,4207,INVALID,1.0,0.842,0.8777,Human Review,Low OCR confidence
DOC0000943,C000616,NPWP,2024-07-27,0.866,1.0,4,7,4896,VALID,0.5714285714285714,1.0,0.8593571428571428,Human Review,Low field completeness
DOC0000944,C000230,Rekening Koran,2024-02-05,0.759,0.891,6,9,2436,VALID,0.6666666666666666,0.946,0.8211666666666666,Human Review,Low field completeness
DOC0000950,C000217,KTP,2025-08-25,0.577,1.0,7,8,3587,VALID,0.875,0.962,0.8497,Human Review,Poor image quality
DOC0000951,C000281,Form Aplikasi,2024-04-04,1.0,0.997,6,10,1589,VALID,0.6,1.0,0.89955,Human Review,Low field completeness
DOC0000952,C000421,Surat Kerja,2024-05-22,0.636,0.955,9,8,4290,NEEDS_REVIEW,1.0,0.955,0.8865,Human Review,Poor image quality
DOC0000953,C000316,KTP,2024-07-12,0.713,0.823,7,10,184,VALID,0.7,0.823,0.7647499999999999,Human Review,Low field completeness
DOC0000955,C000382,NPWP,2026-05-31,0.735,0.916,11,11,4617,VALID,1.0,0.9165000000000001,0.891925,Human Review,Borderline confidence
DOC0000957,C000449,KTP,2024-11-20,0.812,0.879,9,9,404,INVALID,1.0,0.879,0.8925000000000001,Human Review,Borderline confidence
DOC0000959,C000615,Form Aplikasi,2024-01-06,1.0,0.926,4,6,4492,VALID,0.6666666666666666,0.914,0.8754666666666667,Human Review,Low field completeness
DOC0000960,C000122,Rekening Koran,2025-06-25,0.811,0.873,10,11,415,VALID,0.9090909090909091,0.8855,0.8708977272727273,Human Review,Borderline confidence
DOC0000961,C000628,Slip Gaji,2025-12-16,0.998,0.738,5,9,3983,VALID,0.5555555555555556,0.738,0.7573888888888889,Human Review,Low field completeness
DOC0000963,C000538,Slip Gaji,2024-07-15,1.0,0.864,8,9,4129,INVALID,0.8888888888888888,0.793,0.8793722222222222,Human Review,Low OCR confidence
DOC0000964,C000337,Rekening Koran,2024-01-30,0.83,1.0,7,10,4937,NEEDS_REVIEW,0.7,0.862,0.8341999999999999,Human Review,Low field completeness
DOC0000965,C000006,Surat Kerja,2024-07-15,0.975,0.881,6,11,1834,VALID,0.5454545454545454,0.881,0.8206136363636363,Human Review,Low field completeness
DOC0000967,C000651,KTP,2025-06-30,0.777,0.859,6,9,1873,VALID,0.6666666666666666,0.859,0.7904166666666667,Human Review,Low field completeness
DOC0000970,C000093,Form Aplikasi,2026-05-15,0.93,0.955,5,7,1892,VALID,0.7142857142857143,0.955,0.8885714285714286,Human Review,Low field completeness
DOC0000971,C000091,KTP,2026-04-08,0.883,0.818,4,6,3125,VALID,0.6666666666666666,0.924,0.8335166666666667,Human Review,Low field completeness
DOC0000972,C000635,Rekening Koran,2024-12-06,0.902,0.905,8,10,2306,VALID,0.8,0.9393333333333334,0.8900166666666667,Human Review,Borderline confidence
DOC0000973,C000568,KTP,2026-02-26,0.878,0.895,4,8,3635,VALID,0.5,0.895,0.7919999999999999,Human Review,Low field completeness
DOC0000976,C000194,Slip Gaji,2025-07-17,0.876,1.0,7,11,4516,VALID,0.6363636363636364,0.8605,0.829265909090909,Human Review,Low field completeness
DOC0000977,C000677,KTP,2025-05-03,0.887,0.877,9,11,1257,VALID,0.8181818181818182,0.877,0.8647954545454546,Human Review,Borderline confidence
DOC0000978,C000039,Rekening Koran,2024-11-15,0.696,1.0,5,6,261,VALID,0.8333333333333334,0.922,0.8550333333333333,Human Review,Poor image quality
DOC0000980,C000194,Rekening Koran,2025-02-24,0.89,0.926,5,6,530,VALID,0.8333333333333334,0.926,0.8938333333333334,Human Review,Borderline confidence
DOC0000982,C000576,KTP,2025-02-10,0.739,0.977,6,9,1833,VALID,0.6666666666666666,0.977,0.8399166666666665,Human Review,Low field completeness
DOC0000984,C000025,Slip Gaji,2026-06-06,0.81,0.834,10,11,4499,VALID,0.9090909090909091,0.834,0.8467727272727272,Human Review,Low OCR confidence
DOC0000985,C000454,Form Aplikasi,2024-11-15,0.875,0.962,5,7,3753,VALID,0.7142857142857143,0.962,0.8783214285714286,Human Review,Low field completeness
DOC0000987,C000509,NPWP,2024-04-05,0.906,1.0,4,11,3559,VALID,0.36363636363636365,1.0,0.817409090909091,Human Review,Low field completeness
DOC0000988,C000323,KTP,2024-06-02,0.747,0.944,9,8,998,NEEDS_REVIEW,1.0,0.816,0.8639499999999999,Human Review,Low OCR confidence
DOC0000989,C000378,NPWP,2024-06-10,0.8,0.832,9,10,3222,VALID,0.9,0.832,0.841,Human Review,Low OCR confidence
DOC0000991,C000597,KTP,2025-12-14,0.927,0.944,6,8,3013,VALID,0.75,0.907,0.8783,Human Review,Low field completeness
DOC0000994,C000634,KTP,2024-10-02,0.673,0.954,8,8,952,INVALID,1.0,0.954,0.89525,Human Review,Poor image quality
DOC0000997,C000328,KTP,2024-06-09,0.642,0.852,9,10,4642,VALID,0.9,0.852,0.8115,Human Review,Poor image quality
DOC0000998,C000233,NPWP,2025-07-26,0.802,0.909,5,8,2263,VALID,0.625,0.808,0.7759,Human Review,Low field completeness
DOC0000999,C000444,Form Aplikasi,2026-01-05,1.0,0.976,5,9,3530,VALID,0.5555555555555556,0.856,0.8348888888888889,Human Review,Low field completeness
DOC0001001,C000619,Slip Gaji,2024-02-29,0.737,0.871,4,7,2893,VALID,0.5714285714285714,0.9610000000000001,0.7941071428571427,Human Review,Low field completeness
DOC0001002,C000546,Slip Gaji,2024-08-04,0.927,0.761,7,10,304,VALID,0.7,0.761,0.78725,Human Review,Low field completeness
DOC0001003,C000511,Rekening Koran,2026-08-19,0.605,0.915,7,11,3279,VALID,0.6363636363636364,0.915,0.7678409090909091,Human Review,Low field completeness
DOC0001004,C000269,Form Aplikasi,2024-09-28,0.941,0.865,4,7,632,VALID,0.5714285714285714,0.865,0.8106071428571429,Human Review,Low field completeness
DOC0001006,C000210,Form Aplikasi,2024-05-04,0.835,0.852,4,6,2244,VALID,0.6666666666666666,0.852,0.8014166666666667,Human Review,Low field completeness
DOC0001007,C000686,KTP,2026-06-02,0.869,0.875,4,9,723,VALID,0.4444444444444444,0.8694999999999999,0.763936111111111,Human Review,Low field completeness
DOC0001012,C000689,Rekening Koran,2024-05-19,0.825,0.809,4,8,1667,NEEDS_REVIEW,0.5,0.911,0.7714499999999999,Human Review,Low field completeness
DOC0001014,C000206,Surat Kerja,2025-03-30,0.95,0.832,4,10,759,VALID,0.4,0.89,0.7737999999999999,Human Review,Low field completeness
DOC0001015,C000240,Form Aplikasi,2024-02-25,0.809,0.952,7,9,2884,NEEDS_REVIEW,0.7777777777777778,0.952,0.8726944444444444,Human Review,Low field completeness
DOC0001017,C000063,Form Aplikasi,2024-01-31,1.0,0.864,4,7,2388,VALID,0.5714285714285714,0.968,0.8612571428571427,Human Review,Low field completeness
DOC0001018,C000045,Slip Gaji,2026-09-03,0.764,0.92,4,8,1134,VALID,0.5,0.952,0.7872,Human Review,Low field completeness
DOC0001019,C000142,Surat Kerja,2026-03-04,0.905,0.859,5,11,4530,NEEDS_REVIEW,0.45454545454545453,0.947,0.8001863636363636,Human Review,Low field completeness
DOC0001020,C000458,KTP,2025-02-26,0.575,0.864,9,9,2597,NEEDS_REVIEW,1.0,0.916,0.84395,Human Review,Poor image quality
DOC0001022,C000674,Form Aplikasi,2025-06-09,0.638,0.823,10,10,197,INVALID,1.0,0.806,0.8150499999999999,Human Review,Poor image quality
DOC0001024,C000668,Slip Gaji,2024-08-12,0.764,0.85,5,6,1258,VALID,0.8333333333333334,0.85,0.8243333333333334,Human Review,Borderline confidence
DOC0001027,C000192,Rekening Koran,2025-03-01,1.0,0.885,5,9,4328,VALID,0.5555555555555556,0.885,0.8313888888888888,Human Review,Low field completeness
DOC0001029,C000107,Rekening Koran,2025-06-14,0.693,1.0,7,9,3713,VALID,0.7777777777777778,1.0,0.8676944444444444,Human Review,Low field completeness
DOC0001034,C000509,Form Aplikasi,2026-02-28,0.973,0.963,4,10,4766,VALID,0.4,0.9385,0.8161749999999999,Human Review,Low field completeness
DOC0001035,C000615,Slip Gaji,2025-03-03,1.0,0.833,4,10,1070,VALID,0.4,0.846,0.77105,Human Review,Low field completeness
DOC0001037,C000254,Rekening Koran,2025-12-13,0.795,0.97,5,10,356,NEEDS_REVIEW,0.5,0.9059999999999999,0.7863499999999999,Human Review,Low field completeness
DOC0001038,C000171,Slip Gaji,2026-05-30,0.811,1.0,6,10,2458,VALID,0.6,0.778,0.77505,Human Review,Low field completeness
DOC0001040,C000481,Slip Gaji,2025-12-02,0.897,0.775,6,9,1873,VALID,0.6666666666666666,0.775,0.7784166666666666,Human Review,Low field completeness
DOC0001042,C000308,Surat Kerja,2024-05-26,0.963,0.803,6,6,2106,VALID,1.0,0.803,0.89225,Human Review,Low OCR confidence
DOC0001044,C000501,NPWP,2024-03-10,0.727,0.877,11,7,2312,VALID,1.0,0.877,0.87025,Human Review,Borderline confidence
DOC0001045,C000151,Rekening Koran,2024-02-10,0.756,0.867,6,10,3976,VALID,0.6,1.0,0.81905,Human Review,Low field completeness
DOC0001047,C000064,Rekening Koran,2026-01-16,0.835,0.86,9,10,4301,VALID,0.9,0.9075,0.880375,Human Review,Borderline confidence
DOC0001048,C000024,Slip Gaji,2024-02-06,0.636,0.85,9,6,3903,NEEDS_REVIEW,1.0,0.915,0.8567499999999999,Human Review,Poor image quality
DOC0001049,C000373,Slip Gaji,2026-08-06,0.804,0.819,4,6,3307,VALID,0.6666666666666666,0.968,0.8293166666666667,Human Review,Low field completeness
DOC0001050,C000252,Slip Gaji,2025-04-03,0.801,0.962,11,8,587,VALID,1.0,0.81,0.87805,Human Review,Low OCR confidence
DOC0001052,C000251,Form Aplikasi,2025-01-13,0.776,0.852,8,11,4158,VALID,0.7272727272727273,0.852,0.8018181818181819,Human Review,Low field completeness
DOC0001054,C000686,KTP,2025-11-05,0.938,0.823,7,11,4083,VALID,0.6363636363636364,0.823,0.805090909090909,Human Review,Low field completeness
DOC0001056,C000052,KTP,2025-07-11,0.913,0.713,5,7,3885,VALID,0.7142857142857143,0.796,0.7923714285714286,Human Review,Low field completeness
DOC0001057,C000160,NPWP,2024-05-14,0.777,0.925,6,10,4668,VALID,0.6,0.805,0.76475,Human Review,Low field completeness
DOC0001058,C000617,Form Aplikasi,2024-10-13,0.795,0.755,4,6,3040,VALID,0.6666666666666666,0.8876666666666667,0.7893499999999999,Human Review,Low field completeness
DOC0001059,C000586,Slip Gaji,2025-12-07,0.855,0.954,5,7,1356,VALID,0.7142857142857143,0.954,0.8693214285714286,Human Review,Low field completeness
DOC0001062,C000291,Rekening Koran,2026-06-22,0.82,0.882,7,11,3046,VALID,0.6363636363636364,0.882,0.805090909090909,Human Review,Low field completeness
DOC0001063,C000538,Form Aplikasi,2024-07-04,0.716,0.864,8,10,4725,VALID,0.8,0.864,0.8109999999999999,Human Review,Borderline confidence
DOC0001064,C000234,KTP,2026-05-13,0.976,0.898,5,7,3348,VALID,0.7142857142857143,0.9005,0.8724464285714286,Human Review,Low field completeness
DOC0001067,C000002,Surat Kerja,2025-10-17,1.0,0.825,5,9,1377,NEEDS_REVIEW,0.5555555555555556,0.825,0.8013888888888889,Human Review,Low field completeness
DOC0001068,C000071,Slip Gaji,2025-02-17,1.0,0.933,6,11,4336,VALID,0.5454545454545454,0.909,0.8444636363636363,Human Review,Low field completeness
DOC0001071,C000544,Surat Kerja,2024-07-28,0.657,0.879,11,8,1971,NEEDS_REVIEW,1.0,0.879,0.85375,Human Review,Poor image quality
DOC0001074,C000090,KTP,2026-08-31,0.945,0.877,5,8,2289,NEEDS_REVIEW,0.625,0.878,0.83135,Human Review,Low field completeness
DOC0001076,C000431,Rekening Koran,2024-07-30,0.859,0.872,5,9,2356,VALID,0.5555555555555556,0.872,0.7896388888888888,Human Review,Low field completeness
DOC0001078,C000583,Rekening Koran,2025-06-12,0.949,0.956,7,10,258,VALID,0.7,0.9106666666666667,0.8743833333333333,Human Review,Low field completeness
DOC0001079,C000508,KTP,2024-12-28,0.841,0.775,8,9,1535,VALID,0.8888888888888888,0.712,0.7979222222222222,Human Review,Low OCR confidence
DOC0001081,C000278,Slip Gaji,2026-07-27,0.766,0.754,11,6,1832,VALID,1.0,0.817,0.8405499999999999,Human Review,Low OCR confidence
DOC0001084,C000241,Slip Gaji,2024-10-10,0.689,1.0,11,7,760,VALID,1.0,0.737,0.8301999999999999,Human Review,Poor image quality
DOC0001086,C000442,Slip Gaji,2024-08-02,0.748,0.895,5,7,1589,VALID,0.7142857142857143,0.895,0.8130714285714286,Human Review,Low field completeness
DOC0001087,C000156,NPWP,2024-06-09,0.828,0.963,7,11,4826,VALID,0.6363636363636364,0.963,0.847590909090909,Human Review,Low field completeness
DOC0001088,C000164,Rekening Koran,2025-08-15,0.732,0.927,5,9,3760,VALID,0.5555555555555556,0.955,0.7951888888888888,Human Review,Low field completeness
DOC0001090,C000650,Rekening Koran,2026-09-10,0.691,0.863,10,6,640,NEEDS_REVIEW,1.0,0.863,0.85425,Human Review,Poor image quality
DOC0001092,C000686,NPWP,2025-11-02,0.838,0.775,6,11,3216,NEEDS_REVIEW,0.5454545454545454,0.955,0.7963636363636363,Human Review,Low field completeness
DOC0001093,C000496,Form Aplikasi,2025-03-04,0.931,1.0,4,6,3665,VALID,0.6666666666666666,0.912,0.8686166666666666,Human Review,Low field completeness
DOC0001094,C000596,Rekening Koran,2024-12-04,0.801,0.836,6,6,4610,VALID,1.0,0.8785000000000001,0.8831249999999999,Human Review,Borderline confidence
DOC0001095,C000289,Surat Kerja,2024-05-17,0.896,0.953,5,7,2744,NEEDS_REVIEW,0.7142857142857143,0.953,0.8790714285714286,Human Review,Low field completeness
DOC0001097,C000623,Form Aplikasi,2024-02-29,0.512,0.832,6,7,2458,VALID,0.8571428571428571,0.9390000000000001,0.7957357142857143,Human Review,Poor image quality
DOC0001099,C000527,Surat Kerja,2024-07-19,0.746,1.0,10,10,2142,VALID,1.0,0.734,0.8434,Human Review,Low OCR confidence
DOC0001100,C000657,Form Aplikasi,2026-03-31,0.936,1.0,6,11,2478,VALID,0.5454545454545454,1.0,0.8703636363636363,Human Review,Low field completeness
DOC0001104,C000604,Slip Gaji,2025-11-04,0.858,1.0,5,8,4702,VALID,0.625,1.0,0.87075,Human Review,Low field completeness
DOC0001105,C000154,Surat Kerja,2025-09-27,0.653,0.967,6,6,4854,NEEDS_REVIEW,1.0,0.967,0.89675,Human Review,Poor image quality
DOC0001106,C000210,KTP,2024-11-12,0.76,0.968,6,11,538,VALID,0.5454545454545454,0.797,0.7505136363636363,Human Review,Low field completeness
DOC0001108,C000606,Surat Kerja,2024-10-25,1.0,0.979,5,6,3228,VALID,0.8333333333333334,0.775,0.8764333333333334,Human Review,Low OCR confidence
DOC0001109,C000492,Slip Gaji,2025-08-07,0.938,0.826,4,8,2086,VALID,0.5,1.0,0.8334,Human Review,Low field completeness
DOC0001112,C000368,NPWP,2025-12-02,0.651,0.913,11,8,2464,VALID,1.0,0.831,0.84055,Human Review,Poor image quality
DOC0001116,C000270,NPWP,2024-04-24,0.732,0.963,7,8,2282,VALID,0.875,0.963,0.8832499999999999,Human Review,Borderline confidence
DOC0001118,C000353,NPWP,2024-10-24,0.92,0.844,5,7,3585,NEEDS_REVIEW,0.7142857142857143,0.779,0.8078214285714287,Human Review,Low field completeness
DOC0001120,C000579,Form Aplikasi,2024-01-16,0.728,0.977,10,9,3306,NEEDS_REVIEW,1.0,0.812,0.8627499999999999,Human Review,Low OCR confidence
DOC0001121,C000103,Rekening Koran,2024-12-08,0.809,0.956,8,9,945,VALID,0.8888888888888888,0.9319999999999999,0.8940722222222222,Human Review,Borderline confidence
DOC0001122,C000006,Form Aplikasi,2024-10-07,0.89,0.916,7,8,4009,NEEDS_REVIEW,0.875,0.795,0.8569,Human Review,Low OCR confidence
DOC0001123,C000131,Surat Kerja,2024-06-21,0.719,0.83,11,11,3893,VALID,1.0,0.9550000000000001,0.8885,Human Review,Borderline confidence
DOC0001124,C000016,Surat Kerja,2024-09-25,0.724,1.0,11,9,1053,VALID,1.0,0.8665,0.884275,Human Review,Borderline confidence
DOC0001125,C000221,Form Aplikasi,2026-08-10,0.879,0.956,7,9,2805,INVALID,0.7777777777777778,0.8736666666666667,0.8633777777777778,Human Review,Low field completeness
DOC0001126,C000461,NPWP,2025-11-18,0.855,0.92,8,10,1855,VALID,0.8,0.92,0.8737499999999999,Human Review,Borderline confidence
DOC0001127,C000161,Rekening Koran,2026-03-12,0.918,0.947,8,10,2324,VALID,0.8,0.7210000000000001,0.8239000000000001,Human Review,Low OCR confidence
DOC0001129,C000360,KTP,2026-07-30,0.961,0.83,8,11,4496,NEEDS_REVIEW,0.7272727272727273,0.882,0.8552681818181816,Human Review,Low field completeness
DOC0001131,C000599,KTP,2026-02-16,0.993,0.862,6,9,3037,NEEDS_REVIEW,0.6666666666666666,0.862,0.8459166666666665,Human Review,Low field completeness
DOC0001133,C000435,KTP,2026-07-17,0.915,0.948,5,8,3702,VALID,0.625,0.962,0.8639,Human Review,Low field completeness
DOC0001134,C000677,KTP,2026-08-09,0.637,0.964,9,10,1382,VALID,0.9,0.964,0.86625,Human Review,Poor image quality
DOC0001137,C000602,Rekening Koran,2026-01-15,0.641,0.986,6,9,1333,VALID,0.6666666666666666,0.986,0.8199166666666666,Human Review,Low field completeness
DOC0001140,C000319,Surat Kerja,2025-05-20,0.858,0.864,7,8,4757,VALID,0.875,0.954,0.8967499999999999,Human Review,Borderline confidence
DOC0001141,C000476,Slip Gaji,2024-01-23,1.0,0.897,4,8,1593,VALID,0.5,0.893,0.8221,Human Review,Low field completeness
DOC0001142,C000374,Surat Kerja,2025-08-15,0.625,0.902,7,11,3216,VALID,0.6363636363636364,0.874,0.7565409090909091,Human Review,Low field completeness
DOC0001144,C000454,Rekening Koran,2024-12-25,0.814,0.856,11,8,3337,VALID,1.0,0.856,0.8815,Human Review,Borderline confidence
DOC0001145,C000676,Surat Kerja,2024-08-10,0.878,0.961,5,10,3541,VALID,0.5,0.892,0.80085,Human Review,Low field completeness
DOC0001146,C000450,KTP,2026-04-15,0.849,0.973,5,11,3654,NEEDS_REVIEW,0.45454545454545453,0.973,0.8123863636363636,Human Review,Low field completeness
DOC0001150,C000153,Slip Gaji,2024-02-27,0.977,0.903,5,7,2125,VALID,0.7142857142857143,0.879,0.8659214285714285,Human Review,Low field completeness
DOC0001155,C000543,KTP,2025-03-25,0.664,0.926,5,10,706,INVALID,0.5,0.926,0.754,Human Review,Low field completeness
DOC0001157,C000025,Rekening Koran,2024-08-19,0.893,1.0,4,8,1439,VALID,0.5,1.0,0.8482500000000001,Human Review,Low field completeness
DOC0001159,C000025,Surat Kerja,2025-01-20,0.866,0.887,4,10,211,VALID,0.4,0.933,0.7761,Human Review,Low field completeness
DOC0001163,C000549,KTP,2026-05-07,0.791,0.936,8,10,2055,VALID,0.8,0.936,0.8657499999999999,Human Review,Borderline confidence
DOC0001165,C000580,Slip Gaji,2024-08-05,0.885,0.93,5,11,3010,VALID,0.45454545454545453,0.907,0.7918363636363637,Human Review,Low field completeness
DOC0001166,C000569,NPWP,2024-09-26,0.844,0.871,11,11,572,VALID,1.0,0.871,0.8964999999999999,Human Review,Borderline confidence
DOC0001167,C000395,KTP,2024-03-22,0.753,0.92,9,6,963,VALID,1.0,0.92,0.89825,Human Review,Borderline confidence
DOC0001168,C000107,Form Aplikasi,2026-03-09,0.739,0.761,8,11,737,VALID,0.7272727272727273,0.907,0.7981681818181818,Human Review,Low field completeness
DOC0001169,C000177,Slip Gaji,2026-05-12,0.643,0.934,10,10,4436,INVALID,1.0,0.861,0.8522,Human Review,Poor image quality
DOC0001170,C000124,Surat Kerja,2024-11-26,0.945,0.731,8,9,1703,VALID,0.8888888888888888,0.828,0.8579222222222221,Human Review,Low OCR confidence
DOC0001172,C000018,Form Aplikasi,2026-02-27,0.853,1.0,6,9,108,NEEDS_REVIEW,0.6666666666666666,0.931,0.8557666666666666,Human Review,Low field completeness
DOC0001174,C000531,Surat Kerja,2025-10-02,0.867,0.911,8,11,2558,NEEDS_REVIEW,0.7272727272727273,0.911,0.8540681818181817,Human Review,Low field completeness
DOC0001182,C000561,KTP,2025-09-26,0.518,0.884,10,10,2700,INVALID,1.0,0.9245,0.835675,Human Review,Poor image quality
DOC0001183,C000026,Surat Kerja,2025-06-07,0.857,1.0,4,9,1255,VALID,0.4444444444444444,0.8975,0.7894861111111112,Human Review,Low field completeness
DOC0001184,C000668,KTP,2024-11-15,0.824,0.897,9,8,1735,VALID,1.0,0.773,0.8611,Human Review,Low OCR confidence
DOC0001186,C000523,Rekening Koran,2025-02-09,0.834,0.956,5,11,4513,VALID,0.45454545454545453,0.907,0.7829863636363636,Human Review,Low field completeness
DOC0001187,C000523,Surat Kerja,2025-09-10,0.871,0.851,7,7,3763,NEEDS_REVIEW,1.0,0.851,0.8932499999999999,Human Review,Borderline confidence
DOC0001188,C000578,Slip Gaji,2025-01-14,1.0,0.941,8,11,3165,NEEDS_REVIEW,0.7272727272727273,0.9315,0.8989931818181819,Human Review,Low field completeness
DOC0001189,C000566,Slip Gaji,2025-10-24,0.898,0.815,5,6,656,VALID,0.8333333333333334,0.857,0.8550333333333333,Human Review,Borderline confidence
DOC0001190,C000185,Surat Kerja,2026-02-04,0.756,0.973,7,8,2237,VALID,0.875,0.973,0.89425,Human Review,Borderline confidence
DOC0001191,C000111,Rekening Koran,2025-12-23,0.677,0.806,6,7,3391,VALID,0.8571428571428571,0.9039999999999999,0.8208357142857142,Human Review,Poor image quality
DOC0001192,C000396,NPWP,2024-01-03,0.641,0.91,7,9,3269,VALID,0.7777777777777778,0.91,0.8096944444444445,Human Review,Low field completeness
DOC0001194,C000592,Slip Gaji,2024-02-26,0.893,0.945,9,10,1519,VALID,0.9,0.88,0.8979999999999999,Human Review,Borderline confidence
DOC0001195,C000437,Rekening Koran,2026-09-02,0.836,0.79,9,9,1462,NEEDS_REVIEW,1.0,0.8400000000000001,0.8714999999999999,Human Review,Low OCR confidence
DOC0001200,C000436,Surat Kerja,2025-12-12,0.797,1.0,7,8,4142,VALID,0.875,0.904,0.8844000000000001,Human Review,Borderline confidence
